Date,concert,cinema,museum,book,theater,Country
2004-01-01,2,38,4,7,1,South Korea
2004-02-01,1,32,4,7,1,South Korea
2004-03-01,2,25,3,6,2,South Korea
2004-04-01,1,29,4,7,2,South Korea
2004-05-01,1,31,5,5,2,South Korea
2004-06-01,2,29,5,5,2,South Korea
2004-07-01,1,33,5,5,2,South Korea
2004-08-01,3,31,7,5,2,South Korea
2004-09-01,2,27,6,5,2,South Korea
2004-10-01,2,26,7,4,2,South Korea
2004-11-01,2,27,5,6,2,South Korea
2004-12-01,4,31,4,6,3,South Korea
2005-01-01,2,25,4,6,0,South Korea
2005-02-01,2,26,3,6,1,South Korea
2005-03-01,1,23,4,6,2,South Korea
2005-04-01,2,25,6,7,2,South Korea
2005-05-01,1,25,5,6,1,South Korea
2005-06-01,2,24,5,6,2,South Korea
2005-07-01,1,25,6,5,2,South Korea
2005-08-01,2,26,6,6,1,South Korea
2005-09-01,1,22,5,5,1,South Korea
2005-10-01,1,22,7,6,2,South Korea
2005-11-01,2,23,7,6,2,South Korea
2005-12-01,2,23,5,5,2,South Korea
2006-01-01,1,22,6,6,1,South Korea
2006-02-01,1,17,5,5,1,South Korea
2006-03-01,1,18,5,6,2,South Korea
2006-04-01,1,20,5,6,2,South Korea
2006-05-01,1,19,5,6,2,South Korea
2006-06-01,1,19,5,5,1,South Korea
2006-07-01,1,20,5,5,1,South Korea
2006-08-01,1,18,6,5,1,South Korea
2006-09-01,1,16,6,6,1,South Korea
2006-10-01,1,19,6,5,1,South Korea
2006-11-01,1,18,5,6,2,South Korea
2006-12-01,2,20,6,5,1,South Korea
2007-01-01,1,16,5,6,1,South Korea
2007-02-01,1,16,5,5,1,South Korea
2007-03-01,1,17,4,5,1,South Korea
2007-04-01,1,16,4,5,1,South Korea
2007-05-01,1,20,5,5,1,South Korea
2007-06-01,1,20,4,5,1,South Korea
2007-07-01,1,19,5,4,1,South Korea
2007-08-01,1,19,5,5,1,South Korea
2007-09-01,1,18,6,4,1,South Korea
2007-10-01,1,17,5,5,1,South Korea
2007-11-01,1,18,4,5,1,South Korea
2007-12-01,1,20,4,5,1,South Korea
2008-01-01,1,19,4,5,<1,South Korea
2008-02-01,1,18,4,5,1,South Korea
2008-03-01,1,16,3,5,1,South Korea
2008-04-01,1,17,4,5,1,South Korea
2008-05-01,1,18,4,5,1,South Korea
2008-06-01,1,19,3,5,1,South Korea
2008-07-01,1,20,4,4,1,South Korea
2008-08-01,1,20,4,5,1,South Korea
2008-09-01,1,18,4,5,1,South Korea
2008-10-01,1,17,5,5,1,South Korea
2008-11-01,1,17,3,5,1,South Korea
2008-12-01,2,18,3,4,1,South Korea
2009-01-01,1,19,3,4,1,South Korea
2009-02-01,1,16,3,5,1,South Korea
2009-03-01,1,14,3,5,1,South Korea
2009-04-01,1,15,4,5,1,South Korea
2009-05-01,1,18,4,5,1,South Korea
2009-06-01,1,15,4,4,1,South Korea
2009-07-01,1,15,4,4,1,South Korea
2009-08-01,2,15,4,4,1,South Korea
2009-09-01,2,15,4,6,2,South Korea
2009-10-01,2,15,4,6,1,South Korea
2009-11-01,2,16,4,5,2,South Korea
2009-12-01,5,19,3,5,3,South Korea
2010-01-01,2,18,3,6,2,South Korea
2010-02-01,2,17,3,5,1,South Korea
2010-03-01,2,16,3,6,1,South Korea
2010-04-01,3,21,3,6,1,South Korea
2010-05-01,3,21,4,6,2,South Korea
2010-06-01,2,17,3,6,1,South Korea
2010-07-01,3,23,3,5,4,South Korea
2010-08-01,4,23,4,5,2,South Korea
2010-09-01,11,64,4,7,2,South Korea
2010-10-01,11,43,5,8,3,South Korea
2010-11-01,13,43,5,7,2,South Korea
2010-12-01,15,62,4,8,3,South Korea
2011-01-01,15,47,5,10,2,South Korea
2011-02-01,6,36,4,6,1,South Korea
2011-03-01,4,26,3,6,1,South Korea
2011-04-01,4,27,4,6,1,South Korea
2011-05-01,6,30,4,6,2,South Korea
2011-06-01,5,29,4,6,1,South Korea
2011-07-01,5,30,5,5,1,South Korea
2011-08-01,5,30,7,5,1,South Korea
2011-09-01,6,31,4,6,1,South Korea
2011-10-01,8,33,5,6,1,South Korea
2011-11-01,10,33,4,6,2,South Korea
2011-12-01,7,33,4,6,1,South Korea
2012-01-01,8,52,4,7,1,South Korea
2012-02-01,12,41,4,7,2,South Korea
2012-03-01,10,39,4,8,1,South Korea
2012-04-01,5,28,4,6,1,South Korea
2012-05-01,6,29,5,5,1,South Korea
2012-06-01,5,30,4,6,1,South Korea
2012-07-01,5,33,5,6,1,South Korea
2012-08-01,5,33,7,5,1,South Korea
2012-09-01,5,30,4,6,1,South Korea
2012-10-01,6,29,4,5,1,South Korea
2012-11-01,5,30,4,5,2,South Korea
2012-12-01,6,39,4,5,2,South Korea
2013-01-01,4,38,5,6,1,South Korea
2013-02-01,5,38,4,5,1,South Korea
2013-03-01,4,31,4,6,1,South Korea
2013-04-01,5,31,4,5,1,South Korea
2013-05-01,4,34,4,5,1,South Korea
2013-06-01,5,36,3,5,1,South Korea
2013-07-01,4,41,4,5,1,South Korea
2013-08-01,5,42,5,5,1,South Korea
2013-09-01,5,41,4,5,1,South Korea
2013-10-01,5,40,3,5,1,South Korea
2013-11-01,5,40,3,5,1,South Korea
2013-12-01,6,45,3,5,1,South Korea
2014-01-01,4,44,4,5,1,South Korea
2014-02-01,4,43,3,5,1,South Korea
2014-03-01,4,38,3,5,1,South Korea
2014-04-01,4,39,3,5,1,South Korea
2014-05-01,4,46,4,4,1,South Korea
2014-06-01,5,44,3,5,1,South Korea
2014-07-01,4,49,4,5,1,South Korea
2014-08-01,5,53,4,5,1,South Korea
2014-09-01,5,49,3,5,1,South Korea
2014-10-01,5,51,3,5,1,South Korea
2014-11-01,4,49,3,5,1,South Korea
2014-12-01,5,55,3,5,1,South Korea
2015-01-01,4,52,5,5,1,South Korea
2015-02-01,4,56,4,5,1,South Korea
2015-03-01,4,46,4,5,1,South Korea
2015-04-01,3,46,3,5,1,South Korea
2015-05-01,4,54,3,5,1,South Korea
2015-06-01,3,56,3,5,1,South Korea
2015-07-01,3,61,3,4,2,South Korea
2015-08-01,3,61,4,4,1,South Korea
2015-09-01,3,61,3,5,1,South Korea
2015-10-01,3,58,3,4,1,South Korea
2015-11-01,3,55,3,5,1,South Korea
2015-12-01,3,63,3,5,1,South Korea
2016-01-01,2,60,3,4,1,South Korea
2016-02-01,2,59,2,4,1,South Korea
2016-03-01,2,50,2,5,1,South Korea
2016-04-01,2,47,2,5,1,South Korea
2016-05-01,2,54,3,5,1,South Korea
2016-06-01,2,56,3,5,1,South Korea
2016-07-01,2,58,3,4,1,South Korea
2016-08-01,2,55,3,5,1,South Korea
2016-09-01,2,53,2,5,1,South Korea
2016-10-01,2,53,2,5,1,South Korea
2016-11-01,3,49,2,5,1,South Korea
2016-12-01,3,54,2,5,1,South Korea
2017-01-01,2,55,2,5,1,South Korea
2017-02-01,2,52,2,5,1,South Korea
2017-03-01,2,49,2,6,1,South Korea
2017-04-01,2,52,3,5,1,South Korea
2017-05-01,3,56,3,5,1,South Korea
2017-06-01,3,60,2,5,1,South Korea
2017-07-01,2,67,3,5,1,South Korea
2017-08-01,2,63,3,6,1,South Korea
2017-09-01,3,60,3,5,1,South Korea
2017-10-01,3,63,3,6,1,South Korea
2017-11-01,3,61,2,6,1,South Korea
2017-12-01,3,65,3,6,1,South Korea
2018-01-01,2,62,3,6,1,South Korea
2018-02-01,2,63,2,6,2,South Korea
2018-03-01,2,57,2,6,1,South Korea
2018-04-01,2,55,3,6,1,South Korea
2018-05-01,3,59,3,6,1,South Korea
2018-06-01,2,59,3,6,1,South Korea
2018-07-01,2,70,3,6,1,South Korea
2018-08-01,3,73,3,6,1,South Korea
2018-09-01,3,78,2,6,1,South Korea
2018-10-01,3,70,2,6,1,South Korea
2018-11-01,3,76,2,6,1,South Korea
2018-12-01,3,90,2,6,1,South Korea
2019-01-01,2,90,2,6,1,South Korea
2019-02-01,2,100,2,6,1,South Korea
2019-03-01,2,81,2,7,1,South Korea
2019-04-01,3,78,2,6,1,South Korea
2019-05-01,4,83,3,7,1,South Korea
2019-06-01,3,91,2,6,1,South Korea
2019-07-01,3,87,3,7,1,South Korea
2019-08-01,3,93,3,7,1,South Korea
2019-09-01,2,97,3,7,1,South Korea
2019-10-01,3,97,2,7,1,South Korea
2019-11-01,3,93,3,8,1,South Korea
2019-12-01,3,99,3,8,1,South Korea
2020-01-01,2,92,2,7,1,South Korea
2020-02-01,2,85,2,7,1,South Korea
2020-03-01,2,73,2,8,1,South Korea
2020-04-01,1,62,2,9,1,South Korea
2020-05-01,2,61,2,8,1,South Korea
2020-06-01,2,56,2,8,1,South Korea
2020-07-01,2,58,2,8,1,South Korea
2020-08-01,2,61,2,9,1,South Korea
2020-09-01,2,55,2,8,1,South Korea
2020-10-01,4,56,2,7,1,South Korea
2020-11-01,2,54,2,8,1,South Korea
2020-12-01,1,55,2,8,1,South Korea
2021-01-01,1,50,1,8,1,South Korea
2021-02-01,1,48,2,7,1,South Korea
2021-03-01,2,40,2,8,1,South Korea
2021-04-01,1,38,2,8,1,South Korea
2021-05-01,1,39,2,8,1,South Korea
2021-06-01,2,37,2,7,1,South Korea
2021-07-01,1,41,2,7,1,South Korea
2021-08-01,1,45,2,8,1,South Korea
2021-09-01,1,46,2,8,1,South Korea
2021-10-01,2,42,2,8,1,South Korea
2021-11-01,2,43,2,8,1,South Korea
2021-12-01,2,41,2,8,1,South Korea
2022-01-01,2,36,2,8,1,South Korea
2022-02-01,1,36,2,8,1,South Korea
2022-03-01,2,35,2,10,1,South Korea
2022-04-01,2,35,3,10,1,South Korea
2022-05-01,3,36,3,9,1,South Korea
2022-06-01,3,36,3,8,1,South Korea
2022-07-01,3,39,3,9,1,South Korea
2022-08-01,3,37,3,9,1,South Korea
2022-09-01,4,34,3,9,1,South Korea
2022-10-01,4,35,3,9,1,South Korea
2022-11-01,3,34,3,9,1,South Korea
2022-12-01,2,39,3,9,1,South Korea
2023-01-01,2,37,3,8,1,South Korea
2023-02-01,2,32,3,8,1,South Korea
2023-03-01,2,31,3,10,1,South Korea
2023-04-01,3,37,3,9,1,South Korea
2023-05-01,3,30,3,9,1,South Korea
2023-06-01,3,28,3,7,1,South Korea
2023-07-01,2,28,2,7,1,South Korea
2023-08-01,3,29,2,8,1,South Korea
2023-09-01,3,28,3,8,1,South Korea
2023-10-01,3,27,2,8,1,South Korea
2023-11-01,3,25,3,8,1,South Korea
2023-12-01,3,28,2,8,1,South Korea
2024-01-01,2,22,2,7,1,South Korea
2024-02-01,2,24,2,7,1,South Korea
2024-03-01,2,24,2,9,1,South Korea
2024-04-01,3,22,2,8,1,South Korea
2024-05-01,3,23,3,8,1,South Korea
2024-06-01,3,22,2,8,1,South Korea
2024-07-01,2,24,3,9,1,South Korea
2024-08-01,3,24,2,9,1,South Korea
2024-09-01,3,25,3,9,1,South Korea
2024-10-01,3,25,3,9,1,South Korea
2024-11-01,3,28,3,10,1,South Korea
2024-12-01,4,30,3,10,1,South Korea
2025-01-01,3,29,3,10,1,South Korea
2025-02-01,3,24,2,9,1,South Korea
2025-03-01,4,26,3,11,1,South Korea
2025-04-01,4,24,3,9,1,South Korea
2025-05-01,3,24,4,9,1,South Korea
2004-01-01,12,78,21,25,33,Germany
2004-02-01,13,72,23,23,28,Germany
2004-03-01,13,73,26,24,28,Germany
2004-04-01,14,66,23,23,26,Germany
2004-05-01,14,71,22,22,25,Germany
2004-06-01,17,70,22,22,21,Germany
2004-07-01,12,90,21,23,20,Germany
2004-08-01,10,89,22,20,19,Germany
2004-09-01,12,79,21,24,26,Germany
2004-10-01,14,85,23,26,35,Germany
2004-11-01,14,73,22,26,37,Germany
2004-12-01,15,76,19,32,39,Germany
2005-01-01,12,78,22,24,30,Germany
2005-02-01,14,76,20,26,29,Germany
2005-03-01,11,76,23,25,29,Germany
2005-04-01,13,58,20,26,29,Germany
2005-05-01,11,71,21,23,25,Germany
2005-06-01,16,54,17,22,23,Germany
2005-07-01,13,82,19,22,18,Germany
2005-08-01,11,80,22,22,21,Germany
2005-09-01,11,57,17,24,27,Germany
2005-10-01,13,79,21,25,31,Germany
2005-11-01,19,91,16,27,38,Germany
2005-12-01,15,81,15,32,37,Germany
2006-01-01,10,81,19,25,31,Germany
2006-02-01,11,80,20,25,28,Germany
2006-03-01,11,76,20,24,29,Germany
2006-04-01,11,95,22,23,24,Germany
2006-05-01,13,75,22,23,23,Germany
2006-06-01,10,50,19,21,19,Germany
2006-07-01,15,81,18,20,17,Germany
2006-08-01,13,88,26,21,20,Germany
2006-09-01,11,72,20,23,24,Germany
2006-10-01,13,96,21,24,31,Germany
2006-11-01,14,81,18,25,33,Germany
2006-12-01,14,84,20,29,36,Germany
2007-01-01,10,84,23,23,29,Germany
2007-02-01,11,83,20,22,27,Germany
2007-03-01,12,72,20,23,26,Germany
2007-04-01,11,72,19,21,22,Germany
2007-05-01,12,76,19,22,24,Germany
2007-06-01,18,72,17,22,21,Germany
2007-07-01,12,95,19,22,18,Germany
2007-08-01,9,80,20,20,18,Germany
2007-09-01,10,73,18,23,25,Germany
2007-10-01,12,78,20,24,30,Germany
2007-11-01,13,66,17,26,33,Germany
2007-12-01,13,83,16,28,33,Germany
2008-01-01,9,90,17,24,26,Germany
2008-02-01,9,92,17,24,26,Germany
2008-03-01,10,99,21,22,24,Germany
2008-04-01,10,59,18,25,23,Germany
2008-05-01,11,62,16,22,19,Germany
2008-06-01,11,49,15,21,18,Germany
2008-07-01,9,83,18,21,16,Germany
2008-08-01,10,80,18,20,16,Germany
2008-09-01,10,67,16,22,23,Germany
2008-10-01,13,84,18,24,25,Germany
2008-11-01,12,78,16,26,29,Germany
2008-12-01,13,87,15,28,30,Germany
2009-01-01,10,96,17,24,25,Germany
2009-02-01,9,91,19,22,24,Germany
2009-03-01,12,82,19,23,23,Germany
2009-04-01,9,63,18,21,20,Germany
2009-05-01,11,66,20,21,18,Germany
2009-06-01,12,65,19,21,19,Germany
2009-07-01,10,92,18,19,16,Germany
2009-08-01,9,79,18,19,15,Germany
2009-09-01,9,73,16,21,21,Germany
2009-10-01,12,88,20,22,26,Germany
2009-11-01,13,82,17,24,28,Germany
2009-12-01,12,90,16,28,29,Germany
2010-01-01,8,89,17,22,23,Germany
2010-02-01,9,85,18,21,21,Germany
2010-03-01,9,75,18,21,22,Germany
2010-04-01,8,56,17,20,19,Germany
2010-05-01,10,63,18,20,18,Germany
2010-06-01,8,45,14,20,16,Germany
2010-07-01,8,74,16,20,13,Germany
2010-08-01,9,83,19,22,14,Germany
2010-09-01,9,64,16,23,20,Germany
2010-10-01,9,71,18,22,22,Germany
2010-11-01,11,80,15,23,25,Germany
2010-12-01,10,61,13,26,24,Germany
2011-01-01,12,93,19,26,26,Germany
2011-02-01,10,89,19,26,26,Germany
2011-03-01,10,74,16,26,22,Germany
2011-04-01,10,76,17,24,20,Germany
2011-05-01,9,72,17,26,19,Germany
2011-06-01,13,90,18,23,19,Germany
2011-07-01,11,100,20,23,18,Germany
2011-08-01,9,86,21,24,17,Germany
2011-09-01,9,72,19,26,23,Germany
2011-10-01,12,78,21,25,26,Germany
2011-11-01,14,88,18,28,29,Germany
2011-12-01,14,87,18,33,31,Germany
2012-01-01,10,90,19,26,26,Germany
2012-02-01,9,87,18,26,24,Germany
2012-03-01,10,76,17,25,23,Germany
2012-04-01,10,89,20,25,21,Germany
2012-05-01,11,66,17,25,19,Germany
2012-06-01,11,59,18,25,18,Germany
2012-07-01,11,78,19,24,17,Germany
2012-08-01,10,83,19,24,15,Germany
2012-09-01,12,64,18,28,21,Germany
2012-10-01,13,82,20,26,25,Germany
2012-11-01,15,91,17,31,28,Germany
2012-12-01,14,93,16,37,29,Germany
2013-01-01,10,86,18,28,25,Germany
2013-02-01,10,81,18,27,22,Germany
2013-03-01,10,78,19,27,20,Germany
2013-04-01,10,58,19,26,20,Germany
2013-05-01,12,76,21,26,19,Germany
2013-06-01,14,61,16,24,17,Germany
2013-07-01,11,65,16,25,15,Germany
2013-08-01,11,84,19,26,16,Germany
2013-09-01,10,60,17,27,20,Germany
2013-10-01,13,70,19,27,25,Germany
2013-11-01,14,80,17,31,29,Germany
2013-12-01,15,86,16,35,31,Germany
2014-01-01,11,75,18,29,26,Germany
2014-02-01,12,68,18,28,23,Germany
2014-03-01,12,62,17,26,20,Germany
2014-04-01,11,61,19,27,19,Germany
2014-05-01,11,58,19,27,19,Germany
2014-06-01,12,43,15,26,16,Germany
2014-07-01,10,56,17,25,14,Germany
2014-08-01,10,84,23,26,16,Germany
2014-09-01,11,56,17,28,19,Germany
2014-10-01,13,70,19,30,26,Germany
2014-11-01,16,74,17,33,30,Germany
2014-12-01,18,82,18,38,27,Germany
2015-01-01,11,83,19,30,24,Germany
2015-02-01,11,88,19,30,23,Germany
2015-03-01,12,69,20,28,21,Germany
2015-04-01,10,69,21,28,19,Germany
2015-05-01,12,65,20,26,18,Germany
2015-06-01,17,58,17,28,17,Germany
2015-07-01,14,78,18,26,15,Germany
2015-08-01,12,66,22,26,14,Germany
2015-09-01,14,76,19,28,20,Germany
2015-10-01,14,88,20,30,24,Germany
2015-11-01,18,83,17,33,27,Germany
2015-12-01,18,91,17,39,28,Germany
2016-01-01,12,87,18,31,22,Germany
2016-02-01,12,80,18,32,21,Germany
2016-03-01,12,71,20,30,19,Germany
2016-04-01,12,54,17,30,18,Germany
2016-05-01,13,51,18,28,16,Germany
2016-06-01,12,48,16,27,15,Germany
2016-07-01,13,65,17,28,12,Germany
2016-08-01,11,66,19,27,13,Germany
2016-09-01,11,59,17,30,18,Germany
2016-10-01,15,81,21,30,23,Germany
2016-11-01,16,69,16,38,24,Germany
2016-12-01,16,79,16,40,25,Germany
2017-01-01,12,82,18,32,22,Germany
2017-02-01,13,88,19,31,21,Germany
2017-03-01,13,69,18,33,20,Germany
2017-04-01,12,74,22,31,18,Germany
2017-05-01,14,49,17,29,17,Germany
2017-06-01,16,57,17,29,15,Germany
2017-07-01,15,70,20,28,14,Germany
2017-08-01,12,66,21,29,13,Germany
2017-09-01,13,63,19,29,18,Germany
2017-10-01,14,90,24,33,23,Germany
2017-11-01,16,67,19,35,24,Germany
2017-12-01,17,75,17,40,26,Germany
2018-01-01,13,70,19,34,22,Germany
2018-02-01,14,71,19,30,20,Germany
2018-03-01,13,71,22,32,20,Germany
2018-04-01,12,49,18,28,16,Germany
2018-05-01,12,47,18,27,15,Germany
2018-06-01,16,41,17,28,14,Germany
2018-07-01,17,51,19,27,13,Germany
2018-08-01,14,61,22,29,14,Germany
2018-09-01,17,59,20,31,18,Germany
2018-10-01,15,74,22,33,21,Germany
2018-11-01,17,72,18,37,25,Germany
2018-12-01,18,81,20,44,26,Germany
2019-01-01,12,78,20,33,21,Germany
2019-02-01,12,72,21,33,19,Germany
2019-03-01,14,67,21,32,20,Germany
2019-04-01,11,65,22,33,16,Germany
2019-05-01,14,57,20,31,16,Germany
2019-06-01,19,44,18,28,14,Germany
2019-07-01,19,76,22,29,12,Germany
2019-08-01,16,72,23,31,13,Germany
2019-09-01,15,65,20,34,18,Germany
2019-10-01,16,88,24,34,23,Germany
2019-11-01,20,87,20,38,24,Germany
2019-12-01,20,83,19,43,26,Germany
2020-01-01,13,79,22,37,22,Germany
2020-02-01,14,78,21,33,20,Germany
2020-03-01,16,29,11,36,14,Germany
2020-04-01,9,7,7,39,6,Germany
2020-05-01,6,11,13,35,6,Germany
2020-06-01,6,16,15,36,7,Germany
2020-07-01,6,26,20,34,7,Germany
2020-08-01,7,30,20,35,7,Germany
2020-09-01,5,31,18,35,10,Germany
2020-10-01,4,38,17,34,10,Germany
2020-11-01,3,6,7,42,5,Germany
2020-12-01,4,5,6,45,5,Germany
2021-01-01,3,4,7,39,4,Germany
2021-02-01,3,4,7,37,4,Germany
2021-03-01,3,4,12,34,4,Germany
2021-04-01,3,3,18,33,4,Germany
2021-05-01,5,7,11,32,5,Germany
2021-06-01,7,17,14,29,8,Germany
2021-07-01,10,62,20,32,9,Germany
2021-08-01,10,64,26,31,10,Germany
2021-09-01,11,45,18,32,12,Germany
2021-10-01,11,70,23,35,17,Germany
2021-11-01,14,41,16,40,15,Germany
2021-12-01,10,41,14,44,15,Germany
2022-01-01,9,44,19,40,14,Germany
2022-02-01,8,46,20,37,13,Germany
2022-03-01,12,41,17,36,14,Germany
2022-04-01,16,47,24,35,14,Germany
2022-05-01,22,39,20,30,13,Germany
2022-06-01,30,43,21,31,13,Germany
2022-07-01,29,52,21,30,11,Germany
2022-08-01,31,53,25,34,10,Germany
2022-09-01,24,53,21,34,15,Germany
2022-10-01,21,65,23,36,17,Germany
2022-11-01,19,50,18,41,20,Germany
2022-12-01,24,64,18,44,22,Germany
2023-01-01,17,73,23,40,21,Germany
2023-02-01,18,61,22,36,18,Germany
2023-03-01,21,61,24,35,18,Germany
2023-04-01,20,63,25,33,16,Germany
2023-05-01,24,42,21,33,13,Germany
2023-06-01,31,38,19,32,13,Germany
2023-07-01,33,75,26,33,13,Germany
2023-08-01,24,77,30,34,12,Germany
2023-09-01,25,51,22,38,17,Germany
2023-10-01,22,64,27,39,21,Germany
2023-11-01,26,52,21,45,22,Germany
2023-12-01,24,58,19,48,23,Germany
2024-01-01,16,59,22,40,20,Germany
2024-02-01,20,61,24,40,19,Germany
2024-03-01,18,63,28,40,18,Germany
2024-04-01,17,52,26,38,17,Germany
2024-05-01,22,43,26,37,14,Germany
2024-06-01,21,43,21,35,14,Germany
2024-07-01,29,53,26,35,12,Germany
2024-08-01,30,59,29,38,12,Germany
2024-09-01,23,48,24,40,17,Germany
2024-10-01,21,57,26,42,20,Germany
2024-11-01,24,54,19,47,21,Germany
2024-12-01,25,60,21,56,23,Germany
2025-01-01,17,57,24,45,19,Germany
2025-02-01,20,53,22,42,18,Germany
2025-03-01,18,45,23,40,16,Germany
2025-04-01,17,45,24,40,14,Germany
2025-05-01,20,37,21,39,14,Germany
2004-01-01,28,42,64,36,62,Japan
2004-02-01,27,47,63,33,61,Japan
2004-03-01,28,46,67,34,60,Japan
2004-04-01,28,45,68,36,60,Japan
2004-05-01,30,53,73,35,63,Japan
2004-06-01,29,46,57,36,54,Japan
2004-07-01,31,57,68,29,56,Japan
2004-08-01,31,50,73,28,69,Japan
2004-09-01,29,47,61,32,62,Japan
2004-10-01,30,32,61,31,57,Japan
2004-11-01,29,42,58,30,58,Japan
2004-12-01,31,54,46,29,61,Japan
2005-01-01,28,43,53,32,59,Japan
2005-02-01,23,36,55,29,60,Japan
2005-03-01,26,36,56,27,58,Japan
2005-04-01,30,34,56,30,58,Japan
2005-05-01,30,39,61,30,61,Japan
2005-06-01,30,42,51,29,61,Japan
2005-07-01,33,54,56,27,62,Japan
2005-08-01,36,55,67,26,63,Japan
2005-09-01,32,49,55,27,61,Japan
2005-10-01,31,36,61,27,59,Japan
2005-11-01,31,37,57,26,54,Japan
2005-12-01,30,42,46,26,55,Japan
2006-01-01,27,40,53,26,59,Japan
2006-02-01,26,36,53,27,58,Japan
2006-03-01,25,40,53,24,53,Japan
2006-04-01,29,33,62,27,53,Japan
2006-05-01,26,46,73,27,53,Japan
2006-06-01,28,43,46,26,55,Japan
2006-07-01,29,50,58,23,52,Japan
2006-08-01,33,48,73,22,56,Japan
2006-09-01,33,34,56,23,59,Japan
2006-10-01,30,29,60,25,58,Japan
2006-11-01,29,33,56,25,57,Japan
2006-12-01,30,35,43,25,61,Japan
2007-01-01,27,36,53,28,65,Japan
2007-02-01,27,36,51,25,62,Japan
2007-03-01,28,36,55,24,63,Japan
2007-04-01,35,36,62,26,61,Japan
2007-05-01,29,39,64,25,61,Japan
2007-06-01,26,39,53,25,59,Japan
2007-07-01,30,43,60,27,65,Japan
2007-08-01,30,51,73,26,69,Japan
2007-09-01,31,44,64,23,81,Japan
2007-10-01,30,32,90,22,62,Japan
2007-11-01,27,31,68,26,57,Japan
2007-12-01,31,30,52,23,60,Japan
2008-01-01,28,28,64,24,64,Japan
2008-02-01,26,30,56,23,60,Japan
2008-03-01,25,30,59,24,62,Japan
2008-04-01,29,29,65,25,67,Japan
2008-05-01,30,32,71,23,64,Japan
2008-06-01,29,30,57,24,60,Japan
2008-07-01,27,41,64,22,60,Japan
2008-08-01,31,56,75,22,64,Japan
2008-09-01,38,43,59,22,62,Japan
2008-10-01,31,32,62,22,61,Japan
2008-11-01,28,28,57,21,57,Japan
2008-12-01,32,28,45,20,62,Japan
2009-01-01,27,27,50,21,61,Japan
2009-02-01,23,32,50,22,57,Japan
2009-03-01,27,32,53,22,59,Japan
2009-04-01,28,29,57,22,60,Japan
2009-05-01,35,36,69,21,68,Japan
2009-06-01,34,39,53,20,79,Japan
2009-07-01,35,47,60,19,100,Japan
2009-08-01,35,44,70,19,72,Japan
2009-09-01,36,30,59,19,63,Japan
2009-10-01,33,26,52,21,64,Japan
2009-11-01,36,39,48,19,72,Japan
2009-12-01,35,51,41,21,72,Japan
2010-01-01,32,48,47,24,79,Japan
2010-02-01,26,43,47,22,71,Japan
2010-03-01,27,38,50,24,69,Japan
2010-04-01,30,40,53,28,69,Japan
2010-05-01,33,32,56,33,91,Japan
2010-06-01,32,30,48,34,71,Japan
2010-07-01,37,48,55,32,69,Japan
2010-08-01,46,48,61,29,68,Japan
2010-09-01,41,43,49,30,70,Japan
2010-10-01,34,33,48,30,68,Japan
2010-11-01,37,27,44,34,59,Japan
2010-12-01,33,32,38,42,65,Japan
2011-01-01,34,35,50,44,75,Japan
2011-02-01,31,36,48,38,75,Japan
2011-03-01,27,36,38,29,65,Japan
2011-04-01,32,35,47,32,67,Japan
2011-05-01,40,47,56,33,67,Japan
2011-06-01,40,43,46,31,68,Japan
2011-07-01,43,49,57,30,69,Japan
2011-08-01,41,49,66,27,82,Japan
2011-09-01,46,43,54,28,69,Japan
2011-10-01,39,40,45,30,61,Japan
2011-11-01,38,35,46,30,60,Japan
2011-12-01,41,40,38,28,56,Japan
2012-01-01,38,37,44,30,59,Japan
2012-02-01,31,39,41,29,56,Japan
2012-03-01,34,43,47,27,58,Japan
2012-04-01,35,44,48,27,56,Japan
2012-05-01,38,44,52,25,61,Japan
2012-06-01,38,39,45,23,56,Japan
2012-07-01,36,50,58,30,64,Japan
2012-08-01,47,59,66,24,60,Japan
2012-09-01,51,54,52,24,61,Japan
2012-10-01,40,42,46,28,63,Japan
2012-11-01,49,52,43,30,74,Japan
2012-12-01,49,53,34,28,58,Japan
2013-01-01,37,52,41,29,56,Japan
2013-02-01,31,48,41,26,53,Japan
2013-03-01,34,45,43,24,53,Japan
2013-04-01,37,44,46,24,55,Japan
2013-05-01,39,39,47,24,54,Japan
2013-06-01,37,34,40,23,56,Japan
2013-07-01,44,53,53,21,59,Japan
2013-08-01,39,61,62,19,56,Japan
2013-09-01,38,44,45,20,58,Japan
2013-10-01,44,36,43,21,54,Japan
2013-11-01,55,42,42,22,58,Japan
2013-12-01,48,42,35,22,52,Japan
2014-01-01,33,42,44,23,55,Japan
2014-02-01,30,35,36,21,55,Japan
2014-03-01,34,48,45,20,52,Japan
2014-04-01,36,57,47,21,53,Japan
2014-05-01,39,57,46,20,51,Japan
2014-06-01,37,37,43,20,52,Japan
2014-07-01,40,43,50,19,50,Japan
2014-08-01,43,54,66,19,54,Japan
2014-09-01,52,36,46,19,52,Japan
2014-10-01,42,27,44,19,46,Japan
2014-11-01,58,30,46,19,50,Japan
2014-12-01,51,44,33,18,48,Japan
2015-01-01,36,37,38,21,56,Japan
2015-02-01,33,37,44,19,48,Japan
2015-03-01,34,37,45,18,47,Japan
2015-04-01,36,44,51,19,50,Japan
2015-05-01,41,46,56,18,50,Japan
2015-06-01,40,37,44,19,51,Japan
2015-07-01,41,44,51,18,51,Japan
2015-08-01,42,66,65,16,53,Japan
2015-09-01,50,43,52,18,49,Japan
2015-10-01,47,38,45,17,46,Japan
2015-11-01,57,33,45,16,59,Japan
2015-12-01,49,44,34,17,52,Japan
2016-01-01,38,36,35,20,50,Japan
2016-02-01,37,32,36,18,46,Japan
2016-03-01,38,34,39,18,46,Japan
2016-04-01,36,37,41,19,46,Japan
2016-05-01,37,39,47,19,48,Japan
2016-06-01,37,35,43,18,44,Japan
2016-07-01,41,39,48,16,44,Japan
2016-08-01,36,48,53,17,42,Japan
2016-09-01,43,55,43,17,44,Japan
2016-10-01,40,40,39,17,41,Japan
2016-11-01,47,37,37,18,45,Japan
2016-12-01,44,48,31,16,42,Japan
2017-01-01,36,40,37,20,46,Japan
2017-02-01,32,38,36,18,50,Japan
2017-03-01,32,47,45,17,51,Japan
2017-04-01,34,49,44,18,50,Japan
2017-05-01,40,46,49,17,45,Japan
2017-06-01,37,35,39,16,44,Japan
2017-07-01,36,44,48,16,43,Japan
2017-08-01,39,42,64,15,42,Japan
2017-09-01,42,31,44,16,47,Japan
2017-10-01,37,31,46,16,44,Japan
2017-11-01,46,33,47,16,43,Japan
2017-12-01,47,32,31,16,42,Japan
2018-01-01,35,26,37,17,43,Japan
2018-02-01,31,26,40,16,51,Japan
2018-03-01,33,38,42,15,44,Japan
2018-04-01,37,38,45,17,41,Japan
2018-05-01,37,32,49,18,38,Japan
2018-06-01,36,31,43,17,39,Japan
2018-07-01,39,35,50,16,45,Japan
2018-08-01,41,50,63,16,50,Japan
2018-09-01,41,38,45,16,43,Japan
2018-10-01,41,35,41,16,41,Japan
2018-11-01,43,41,40,15,41,Japan
2018-12-01,45,45,35,15,42,Japan
2019-01-01,43,43,40,17,45,Japan
2019-02-01,39,46,42,17,48,Japan
2019-03-01,45,42,45,16,47,Japan
2019-04-01,43,42,55,16,43,Japan
2019-05-01,42,42,52,16,41,Japan
2019-06-01,40,55,42,15,43,Japan
2019-07-01,39,51,51,15,46,Japan
2019-08-01,36,56,67,14,47,Japan
2019-09-01,38,41,48,15,46,Japan
2019-10-01,35,34,45,16,41,Japan
2019-11-01,45,40,47,15,42,Japan
2019-12-01,45,40,38,16,45,Japan
2020-01-01,37,39,43,17,45,Japan
2020-02-01,46,39,40,16,47,Japan
2020-03-01,30,26,30,17,40,Japan
2020-04-01,18,8,21,20,29,Japan
2020-05-01,17,11,27,21,37,Japan
2020-06-01,14,21,31,18,25,Japan
2020-07-01,14,26,37,17,37,Japan
2020-08-01,15,32,39,17,34,Japan
2020-09-01,16,35,37,17,31,Japan
2020-10-01,21,51,38,17,38,Japan
2020-11-01,19,39,36,17,36,Japan
2020-12-01,20,37,23,17,34,Japan
2021-01-01,18,27,24,19,37,Japan
2021-02-01,17,25,29,18,32,Japan
2021-03-01,19,33,32,17,41,Japan
2021-04-01,24,34,33,20,37,Japan
2021-05-01,24,28,31,18,32,Japan
2021-06-01,22,34,33,17,36,Japan
2021-07-01,21,38,45,16,36,Japan
2021-08-01,20,37,42,16,34,Japan
2021-09-01,22,28,34,17,34,Japan
2021-10-01,30,28,39,16,38,Japan
2021-11-01,33,29,42,17,36,Japan
2021-12-01,32,32,32,15,38,Japan
2022-01-01,27,34,35,18,38,Japan
2022-02-01,25,29,37,18,34,Japan
2022-03-01,28,37,45,17,37,Japan
2022-04-01,33,38,51,19,41,Japan
2022-05-01,34,45,52,17,40,Japan
2022-06-01,41,45,48,17,47,Japan
2022-07-01,36,45,50,16,38,Japan
2022-08-01,38,53,63,17,37,Japan
2022-09-01,45,37,49,18,39,Japan
2022-10-01,44,31,54,18,38,Japan
2022-11-01,37,35,52,17,39,Japan
2022-12-01,36,42,36,17,37,Japan
2023-01-01,33,40,39,19,38,Japan
2023-02-01,33,47,43,19,38,Japan
2023-03-01,32,43,46,17,36,Japan
2023-04-01,34,58,50,18,40,Japan
2023-05-01,38,52,50,16,41,Japan
2023-06-01,40,45,47,17,38,Japan
2023-07-01,38,46,60,18,45,Japan
2023-08-01,36,44,74,17,40,Japan
2023-09-01,38,37,51,18,43,Japan
2023-10-01,37,32,46,18,35,Japan
2023-11-01,39,32,45,19,34,Japan
2023-12-01,39,40,37,17,38,Japan
2024-01-01,35,37,42,19,41,Japan
2024-02-01,35,40,48,20,41,Japan
2024-03-01,34,39,44,18,37,Japan
2024-04-01,30,39,48,19,40,Japan
2024-05-01,34,33,51,18,39,Japan
2024-06-01,33,30,44,18,37,Japan
2024-07-01,30,35,53,17,35,Japan
2024-08-01,31,43,63,16,35,Japan
2024-09-01,37,35,49,18,40,Japan
2024-10-01,33,27,43,19,36,Japan
2024-11-01,38,31,44,18,36,Japan
2024-12-01,37,38,37,18,38,Japan
2025-01-01,33,37,42,19,40,Japan
2025-02-01,35,35,45,18,39,Japan
2025-03-01,35,41,45,18,37,Japan
2025-04-01,37,43,46,18,36,Japan
2025-05-01,39,41,55,18,35,Japan
2004-01-01,1,50,13,58,28,Brazil
2004-02-01,2,43,12,65,26,Brazil
2004-03-01,1,44,16,82,34,Brazil
2004-04-01,1,43,15,100,36,Brazil
2004-05-01,2,50,16,90,36,Brazil
2004-06-01,1,43,14,85,33,Brazil
2004-07-01,2,50,13,55,33,Brazil
2004-08-01,1,37,14,79,33,Brazil
2004-09-01,1,39,16,89,32,Brazil
2004-10-01,1,41,15,82,30,Brazil
2004-11-01,1,38,14,90,29,Brazil
2004-12-01,2,36,11,55,21,Brazil
2005-01-01,1,45,11,48,24,Brazil
2005-02-01,1,36,12,58,24,Brazil
2005-03-01,2,33,14,82,28,Brazil
2005-04-01,1,35,15,90,35,Brazil
2005-05-01,1,40,14,92,31,Brazil
2005-06-01,2,33,14,88,30,Brazil
2005-07-01,2,45,12,58,32,Brazil
2005-08-01,1,32,13,79,31,Brazil
2005-09-01,1,33,15,80,31,Brazil
2005-10-01,1,39,12,74,28,Brazil
2005-11-01,2,39,12,83,27,Brazil
2005-12-01,1,37,8,57,21,Brazil
2006-01-01,1,40,9,48,22,Brazil
2006-02-01,1,33,10,58,22,Brazil
2006-03-01,2,35,14,84,31,Brazil
2006-04-01,1,37,15,80,31,Brazil
2006-05-01,1,40,14,76,30,Brazil
2006-06-01,1,35,12,75,23,Brazil
2006-07-01,1,46,13,51,30,Brazil
2006-08-01,1,32,12,68,30,Brazil
2006-09-01,1,34,12,67,30,Brazil
2006-10-01,1,34,11,62,29,Brazil
2006-11-01,1,36,11,67,29,Brazil
2006-12-01,1,29,8,43,17,Brazil
2007-01-01,1,36,11,37,24,Brazil
2007-02-01,1,34,10,48,22,Brazil
2007-03-01,1,32,10,61,31,Brazil
2007-04-01,1,35,12,65,29,Brazil
2007-05-01,1,36,11,63,30,Brazil
2007-06-01,1,34,9,68,29,Brazil
2007-07-01,1,40,9,54,28,Brazil
2007-08-01,1,30,9,63,28,Brazil
2007-09-01,1,29,10,71,28,Brazil
2007-10-01,1,32,9,60,27,Brazil
2007-11-01,1,31,9,64,26,Brazil
2007-12-01,1,31,7,44,16,Brazil
2008-01-01,1,39,8,44,18,Brazil
2008-02-01,1,34,7,55,22,Brazil
2008-03-01,1,30,9,65,27,Brazil
2008-04-01,1,30,10,71,29,Brazil
2008-05-01,1,31,9,68,29,Brazil
2008-06-01,1,32,9,71,29,Brazil
2008-07-01,1,40,9,47,27,Brazil
2008-08-01,1,29,8,70,27,Brazil
2008-09-01,1,28,9,66,28,Brazil
2008-10-01,1,30,11,61,25,Brazil
2008-11-01,1,29,8,69,25,Brazil
2008-12-01,1,34,6,53,16,Brazil
2009-01-01,1,46,8,49,20,Brazil
2009-02-01,1,35,6,59,17,Brazil
2009-03-01,1,30,8,73,25,Brazil
2009-04-01,1,38,10,80,26,Brazil
2009-05-01,1,35,14,77,27,Brazil
2009-06-01,1,32,11,73,25,Brazil
2009-07-01,1,49,9,57,24,Brazil
2009-08-01,1,28,9,67,24,Brazil
2009-09-01,1,27,9,77,25,Brazil
2009-10-01,1,31,8,69,24,Brazil
2009-11-01,1,45,7,78,23,Brazil
2009-12-01,1,40,5,57,14,Brazil
2010-01-01,2,56,6,53,17,Brazil
2010-02-01,1,37,6,61,18,Brazil
2010-03-01,2,33,8,73,23,Brazil
2010-04-01,2,43,9,78,24,Brazil
2010-05-01,2,40,8,73,25,Brazil
2010-06-01,1,35,7,69,19,Brazil
2010-07-01,1,53,7,58,22,Brazil
2010-08-01,1,36,6,78,23,Brazil
2010-09-01,1,40,8,75,22,Brazil
2010-10-01,1,51,6,66,24,Brazil
2010-11-01,1,40,6,70,23,Brazil
2010-12-01,1,35,4,52,14,Brazil
2011-01-01,2,47,5,48,16,Brazil
2011-02-01,2,37,5,60,15,Brazil
2011-03-01,1,38,6,65,18,Brazil
2011-04-01,1,40,6,69,20,Brazil
2011-05-01,1,40,6,70,20,Brazil
2011-06-01,1,40,6,65,19,Brazil
2011-07-01,2,60,6,50,20,Brazil
2011-08-01,1,41,6,64,20,Brazil
2011-09-01,1,34,6,68,21,Brazil
2011-10-01,1,36,5,57,20,Brazil
2011-11-01,1,41,5,63,18,Brazil
2011-12-01,1,36,4,48,12,Brazil
2012-01-01,1,44,5,44,15,Brazil
2012-02-01,1,36,5,52,14,Brazil
2012-03-01,1,32,6,62,20,Brazil
2012-04-01,1,44,6,66,20,Brazil
2012-05-01,1,40,6,63,19,Brazil
2012-06-01,1,41,6,56,18,Brazil
2012-07-01,1,52,6,49,18,Brazil
2012-08-01,1,33,6,66,19,Brazil
2012-09-01,1,39,6,62,19,Brazil
2012-10-01,1,39,6,59,16,Brazil
2012-11-01,1,51,5,63,16,Brazil
2012-12-01,1,39,4,52,11,Brazil
2013-01-01,1,49,5,50,12,Brazil
2013-02-01,1,37,5,56,12,Brazil
2013-03-01,1,37,6,63,18,Brazil
2013-04-01,1,35,5,70,18,Brazil
2013-05-01,1,43,6,61,17,Brazil
2013-06-01,1,44,5,62,15,Brazil
2013-07-01,1,58,6,52,15,Brazil
2013-08-01,1,39,5,67,16,Brazil
2013-09-01,1,36,5,68,16,Brazil
2013-10-01,1,37,5,61,15,Brazil
2013-11-01,1,38,5,66,14,Brazil
2013-12-01,1,38,4,54,10,Brazil
2014-01-01,1,46,5,51,11,Brazil
2014-02-01,1,36,4,61,12,Brazil
2014-03-01,1,45,5,65,15,Brazil
2014-04-01,1,47,6,66,16,Brazil
2014-05-01,1,43,6,68,17,Brazil
2014-06-01,1,54,5,57,12,Brazil
2014-07-01,1,53,7,60,16,Brazil
2014-08-01,1,42,6,71,17,Brazil
2014-09-01,1,39,6,70,17,Brazil
2014-10-01,1,44,6,63,14,Brazil
2014-11-01,1,46,5,70,15,Brazil
2014-12-01,1,46,5,53,11,Brazil
2015-01-01,1,55,7,50,12,Brazil
2015-02-01,1,66,5,66,12,Brazil
2015-03-01,1,46,6,72,16,Brazil
2015-04-01,1,65,6,77,15,Brazil
2015-05-01,1,45,6,74,15,Brazil
2015-06-01,1,52,6,71,15,Brazil
2015-07-01,1,67,6,59,15,Brazil
2015-08-01,1,42,5,72,15,Brazil
2015-09-01,1,41,6,74,15,Brazil
2015-10-01,1,47,6,64,14,Brazil
2015-11-01,1,42,6,68,14,Brazil
2015-12-01,1,47,8,54,9,Brazil
2016-01-01,1,63,7,53,10,Brazil
2016-02-01,1,57,5,63,11,Brazil
2016-03-01,1,52,5,67,13,Brazil
2016-04-01,1,49,6,72,13,Brazil
2016-05-01,1,50,6,69,14,Brazil
2016-06-01,1,54,6,70,12,Brazil
2016-07-01,1,69,7,56,13,Brazil
2016-08-01,1,43,7,60,11,Brazil
2016-09-01,1,39,6,68,14,Brazil
2016-10-01,1,45,6,61,14,Brazil
2016-11-01,1,41,6,67,12,Brazil
2016-12-01,1,49,5,54,8,Brazil
2017-01-01,1,67,7,51,10,Brazil
2017-02-01,1,60,5,58,10,Brazil
2017-03-01,2,60,6,68,14,Brazil
2017-04-01,1,66,6,70,13,Brazil
2017-05-01,1,44,6,63,13,Brazil
2017-06-01,1,52,6,62,13,Brazil
2017-07-01,1,65,8,51,13,Brazil
2017-08-01,1,41,6,64,13,Brazil
2017-09-01,1,47,8,64,13,Brazil
2017-10-01,1,45,8,61,13,Brazil
2017-11-01,1,45,6,59,12,Brazil
2017-12-01,1,53,5,48,8,Brazil
2018-01-01,1,60,6,49,9,Brazil
2018-02-01,1,55,5,58,9,Brazil
2018-03-01,1,42,6,63,12,Brazil
2018-04-01,1,52,6,70,12,Brazil
2018-05-01,1,54,6,64,12,Brazil
2018-06-01,1,39,5,57,11,Brazil
2018-07-01,1,60,7,53,12,Brazil
2018-08-01,1,35,6,69,13,Brazil
2018-09-01,1,43,23,61,12,Brazil
2018-10-01,1,39,7,56,11,Brazil
2018-11-01,1,46,6,66,11,Brazil
2018-12-01,2,50,6,57,8,Brazil
2019-01-01,2,65,7,50,8,Brazil
2019-02-01,2,40,6,56,9,Brazil
2019-03-01,1,52,7,61,12,Brazil
2019-04-01,1,76,7,66,12,Brazil
2019-05-01,2,62,7,61,12,Brazil
2019-06-01,1,53,8,56,11,Brazil
2019-07-01,1,87,9,50,10,Brazil
2019-08-01,1,43,7,62,12,Brazil
2019-09-01,2,39,7,65,12,Brazil
2019-10-01,1,49,7,55,11,Brazil
2019-11-01,1,44,18,55,11,Brazil
2019-12-01,1,41,7,47,7,Brazil
2020-01-01,1,63,8,50,7,Brazil
2020-02-01,1,45,6,55,9,Brazil
2020-03-01,1,19,4,59,6,Brazil
2020-04-01,1,6,3,61,3,Brazil
2020-05-01,1,7,4,63,4,Brazil
2020-06-01,2,8,4,61,4,Brazil
2020-07-01,2,7,3,59,4,Brazil
2020-08-01,1,7,5,55,5,Brazil
2020-09-01,1,8,4,56,5,Brazil
2020-10-01,1,11,4,48,5,Brazil
2020-11-01,1,13,4,48,5,Brazil
2020-12-01,1,12,4,45,4,Brazil
2021-01-01,1,12,4,48,3,Brazil
2021-02-01,1,12,4,50,3,Brazil
2021-03-01,1,7,4,56,4,Brazil
2021-04-01,1,8,3,59,4,Brazil
2021-05-01,1,12,4,56,5,Brazil
2021-06-01,1,23,5,58,5,Brazil
2021-07-01,2,28,5,47,4,Brazil
2021-08-01,1,19,5,53,8,Brazil
2021-09-01,2,19,5,54,7,Brazil
2021-10-01,1,26,6,52,8,Brazil
2021-11-01,2,30,5,54,8,Brazil
2021-12-01,2,46,5,47,6,Brazil
2022-01-01,1,34,6,56,4,Brazil
2022-02-01,2,25,5,57,6,Brazil
2022-03-01,2,28,6,65,8,Brazil
2022-04-01,2,31,7,67,9,Brazil
2022-05-01,2,35,7,64,9,Brazil
2022-06-01,2,31,7,59,9,Brazil
2022-07-01,2,41,8,57,8,Brazil
2022-08-01,1,25,6,61,10,Brazil
2022-09-01,1,34,11,62,10,Brazil
2022-10-01,1,27,8,56,8,Brazil
2022-11-01,1,28,7,61,9,Brazil
2022-12-01,2,31,6,52,6,Brazil
2023-01-01,2,39,9,53,6,Brazil
2023-02-01,2,40,7,57,7,Brazil
2023-03-01,2,28,8,67,10,Brazil
2023-04-01,2,38,8,64,9,Brazil
2023-05-01,2,45,8,62,9,Brazil
2023-06-01,2,40,8,60,9,Brazil
2023-07-01,2,69,10,54,10,Brazil
2023-08-01,2,31,8,62,10,Brazil
2023-09-01,2,34,8,65,10,Brazil
2023-10-01,2,40,8,60,9,Brazil
2023-11-01,2,31,7,57,8,Brazil
2023-12-01,2,31,6,52,6,Brazil
2024-01-01,2,41,8,55,6,Brazil
2024-02-01,2,43,6,62,7,Brazil
2024-03-01,2,35,7,66,9,Brazil
2024-04-01,2,28,8,70,9,Brazil
2024-05-01,2,34,8,63,9,Brazil
2024-06-01,2,59,8,63,9,Brazil
2024-07-01,1,55,10,56,9,Brazil
2024-08-01,1,36,8,66,10,Brazil
2024-09-01,1,29,7,67,10,Brazil
2024-10-01,2,33,7,60,8,Brazil
2024-11-01,2,36,7,61,8,Brazil
2024-12-01,2,38,6,54,6,Brazil
2025-01-01,2,39,7,57,7,Brazil
2025-02-01,2,31,6,59,6,Brazil
2025-03-01,2,28,6,66,8,Brazil
2025-04-01,2,29,7,67,8,Brazil
2025-05-01,2,31,7,64,8,Brazil
2004-01-01,6,0,0,20,0,Malaysia
2004-02-01,0,0,6,16,0,Malaysia
2004-03-01,0,0,0,11,0,Malaysia
2004-04-01,0,0,0,14,7,Malaysia
2004-05-01,0,0,0,15,0,Malaysia
2004-06-01,0,0,10,12,0,Malaysia
2004-07-01,7,0,7,16,0,Malaysia
2004-08-01,6,0,7,16,0,Malaysia
2004-09-01,5,0,4,18,0,Malaysia
2004-10-01,0,0,6,12,4,Malaysia
2004-11-01,0,0,5,12,0,Malaysia
2004-12-01,0,0,4,12,0,Malaysia
2005-01-01,0,0,5,16,0,Malaysia
2005-02-01,0,0,8,18,0,Malaysia
2005-03-01,3,0,6,15,3,Malaysia
2005-04-01,3,0,4,25,0,Malaysia
2005-05-01,5,0,5,16,0,Malaysia
2005-06-01,4,0,4,15,0,Malaysia
2005-07-01,4,0,6,12,0,Malaysia
2005-08-01,9,0,4,17,0,Malaysia
2005-09-01,4,0,5,17,0,Malaysia
2005-10-01,3,0,6,14,0,Malaysia
2005-11-01,0,0,3,10,0,Malaysia
2005-12-01,3,0,4,9,0,Malaysia
2006-01-01,2,0,3,14,0,Malaysia
2006-02-01,0,0,4,19,2,Malaysia
2006-03-01,2,0,5,20,0,Malaysia
2006-04-01,2,0,4,16,0,Malaysia
2006-05-01,3,0,3,12,2,Malaysia
2006-06-01,4,0,4,14,0,Malaysia
2006-07-01,5,0,10,11,2,Malaysia
2006-08-01,5,0,5,14,3,Malaysia
2006-09-01,2,0,6,13,0,Malaysia
2006-10-01,2,0,4,12,0,Malaysia
2006-11-01,1,0,4,10,1,Malaysia
2006-12-01,0,0,3,10,0,Malaysia
2007-01-01,2,0,4,14,1,Malaysia
2007-02-01,0,0,4,15,0,Malaysia
2007-03-01,4,0,4,14,1,Malaysia
2007-04-01,6,0,5,17,1,Malaysia
2007-05-01,7,0,3,16,0,Malaysia
2007-06-01,2,0,4,14,0,Malaysia
2007-07-01,2,0,5,13,1,Malaysia
2007-08-01,2,0,4,12,2,Malaysia
2007-09-01,1,0,4,13,1,Malaysia
2007-10-01,1,0,3,10,2,Malaysia
2007-11-01,2,0,3,10,0,Malaysia
2007-12-01,3,0,3,10,2,Malaysia
2008-01-01,2,0,2,13,1,Malaysia
2008-02-01,1,0,4,15,1,Malaysia
2008-03-01,4,0,4,17,1,Malaysia
2008-04-01,8,0,4,18,1,Malaysia
2008-05-01,8,0,4,13,1,Malaysia
2008-06-01,3,0,4,15,1,Malaysia
2008-07-01,2,0,3,14,1,Malaysia
2008-08-01,2,0,4,14,1,Malaysia
2008-09-01,2,0,3,13,1,Malaysia
2008-10-01,1,0,3,12,1,Malaysia
2008-11-01,1,0,3,12,1,Malaysia
2008-12-01,1,0,3,10,0,Malaysia
2009-01-01,2,1,4,17,1,Malaysia
2009-02-01,3,0,6,17,2,Malaysia
2009-03-01,6,<1,12,19,2,Malaysia
2009-04-01,9,0,11,22,2,Malaysia
2009-05-01,10,0,8,15,1,Malaysia
2009-06-01,6,0,9,17,1,Malaysia
2009-07-01,6,<1,5,17,2,Malaysia
2009-08-01,4,0,3,16,1,Malaysia
2009-09-01,3,0,3,14,1,Malaysia
2009-10-01,3,0,4,19,2,Malaysia
2009-11-01,4,1,3,15,2,Malaysia
2009-12-01,2,<1,3,15,2,Malaysia
2010-01-01,4,<1,4,19,1,Malaysia
2010-02-01,4,0,4,19,2,Malaysia
2010-03-01,5,0,4,25,2,Malaysia
2010-04-01,8,0,4,22,1,Malaysia
2010-05-01,12,<1,3,19,1,Malaysia
2010-06-01,5,<1,3,19,1,Malaysia
2010-07-01,4,<1,3,20,2,Malaysia
2010-08-01,3,0,3,20,1,Malaysia
2010-09-01,3,<1,3,16,2,Malaysia
2010-10-01,5,1,4,20,2,Malaysia
2010-11-01,3,<1,2,18,2,Malaysia
2010-12-01,5,1,3,17,2,Malaysia
2011-01-01,4,1,3,21,2,Malaysia
2011-02-01,4,<1,3,22,2,Malaysia
2011-03-01,4,<1,4,22,2,Malaysia
2011-04-01,7,<1,3,24,1,Malaysia
2011-05-01,8,1,3,19,1,Malaysia
2011-06-01,7,1,3,21,1,Malaysia
2011-07-01,3,1,2,24,1,Malaysia
2011-08-01,2,<1,2,30,1,Malaysia
2011-09-01,4,1,3,54,1,Malaysia
2011-10-01,3,1,3,58,1,Malaysia
2011-11-01,3,1,3,49,2,Malaysia
2011-12-01,6,1,3,35,1,Malaysia
2012-01-01,4,<1,3,44,1,Malaysia
2012-02-01,3,<1,3,36,1,Malaysia
2012-03-01,3,<1,3,30,1,Malaysia
2012-04-01,5,<1,3,32,2,Malaysia
2012-05-01,7,<1,3,26,1,Malaysia
2012-06-01,4,1,3,23,1,Malaysia
2012-07-01,2,<1,2,22,1,Malaysia
2012-08-01,1,<1,2,16,<1,Malaysia
2012-09-01,2,1,3,22,1,Malaysia
2012-10-01,3,1,3,22,1,Malaysia
2012-11-01,3,1,3,19,2,Malaysia
2012-12-01,3,1,3,19,1,Malaysia
2013-01-01,2,1,2,29,1,Malaysia
2013-02-01,3,1,3,32,1,Malaysia
2013-03-01,2,1,3,29,1,Malaysia
2013-04-01,2,1,3,31,1,Malaysia
2013-05-01,3,1,2,24,1,Malaysia
2013-06-01,2,1,3,22,1,Malaysia
2013-07-01,2,<1,2,20,1,Malaysia
2013-08-01,3,1,2,17,1,Malaysia
2013-09-01,4,1,3,22,1,Malaysia
2013-10-01,4,1,3,23,1,Malaysia
2013-11-01,6,1,4,21,1,Malaysia
2013-12-01,2,1,4,20,1,Malaysia
2014-01-01,2,1,3,30,1,Malaysia
2014-02-01,2,1,3,33,1,Malaysia
2014-03-01,10,1,3,32,1,Malaysia
2014-04-01,3,1,3,33,1,Malaysia
2014-05-01,3,1,3,24,1,Malaysia
2014-06-01,4,1,3,22,1,Malaysia
2014-07-01,1,1,2,21,1,Malaysia
2014-08-01,2,1,2,23,1,Malaysia
2014-09-01,6,1,4,25,1,Malaysia
2014-10-01,5,1,4,25,1,Malaysia
2014-11-01,6,1,4,25,1,Malaysia
2014-12-01,3,1,4,22,1,Malaysia
2015-01-01,5,1,3,29,1,Malaysia
2015-02-01,2,1,4,31,1,Malaysia
2015-03-01,2,1,4,35,1,Malaysia
2015-04-01,2,2,4,37,1,Malaysia
2015-05-01,3,1,4,29,1,Malaysia
2015-06-01,2,1,4,28,1,Malaysia
2015-07-01,1,1,3,24,1,Malaysia
2015-08-01,3,1,4,29,1,Malaysia
2015-09-01,4,1,5,26,1,Malaysia
2015-10-01,6,1,5,30,2,Malaysia
2015-11-01,6,1,5,27,2,Malaysia
2015-12-01,5,1,6,25,1,Malaysia
2016-01-01,3,1,3,34,1,Malaysia
2016-02-01,2,1,4,32,1,Malaysia
2016-03-01,3,2,4,35,1,Malaysia
2016-04-01,3,1,3,35,1,Malaysia
2016-05-01,3,1,3,30,1,Malaysia
2016-06-01,1,1,21,24,1,Malaysia
2016-07-01,2,1,3,24,1,Malaysia
2016-08-01,2,1,3,26,1,Malaysia
2016-09-01,3,1,4,25,1,Malaysia
2016-10-01,5,1,4,26,1,Malaysia
2016-11-01,4,1,4,26,1,Malaysia
2016-12-01,3,1,5,22,1,Malaysia
2017-01-01,2,1,4,33,1,Malaysia
2017-02-01,2,1,3,36,1,Malaysia
2017-03-01,2,1,4,32,1,Malaysia
2017-04-01,2,1,4,33,1,Malaysia
2017-05-01,3,1,4,28,1,Malaysia
2017-06-01,1,1,2,18,<1,Malaysia
2017-07-01,1,1,4,26,1,Malaysia
2017-08-01,1,1,5,25,1,Malaysia
2017-09-01,2,1,6,26,1,Malaysia
2017-10-01,2,1,7,27,1,Malaysia
2017-11-01,2,1,6,24,1,Malaysia
2017-12-01,2,1,6,22,1,Malaysia
2018-01-01,1,1,4,35,1,Malaysia
2018-02-01,1,1,4,29,1,Malaysia
2018-03-01,3,1,5,29,1,Malaysia
2018-04-01,2,1,4,30,1,Malaysia
2018-05-01,2,1,3,26,1,Malaysia
2018-06-01,1,1,3,17,<1,Malaysia
2018-07-01,1,1,4,26,1,Malaysia
2018-08-01,2,2,4,25,1,Malaysia
2018-09-01,2,2,5,24,1,Malaysia
2018-10-01,2,1,4,25,1,Malaysia
2018-11-01,3,1,5,23,1,Malaysia
2018-12-01,2,1,6,21,1,Malaysia
2019-01-01,2,1,4,36,1,Malaysia
2019-02-01,3,1,5,30,1,Malaysia
2019-03-01,2,2,5,31,1,Malaysia
2019-04-01,2,2,4,30,1,Malaysia
2019-05-01,1,1,3,26,1,Malaysia
2019-06-01,1,1,4,22,1,Malaysia
2019-07-01,2,1,4,30,1,Malaysia
2019-08-01,2,2,5,27,1,Malaysia
2019-09-01,2,1,5,29,1,Malaysia
2019-10-01,2,1,5,29,1,Malaysia
2019-11-01,2,1,5,25,1,Malaysia
2019-12-01,2,2,6,22,1,Malaysia
2020-01-01,1,1,4,39,1,Malaysia
2020-02-01,2,1,4,35,1,Malaysia
2020-03-01,1,<1,2,33,1,Malaysia
2020-04-01,1,<1,1,49,<1,Malaysia
2020-05-01,1,<1,1,30,<1,Malaysia
2020-06-01,1,<1,2,35,<1,Malaysia
2020-07-01,1,1,3,43,<1,Malaysia
2020-08-01,1,<1,4,39,<1,Malaysia
2020-09-01,1,<1,4,40,<1,Malaysia
2020-10-01,1,<1,2,43,<1,Malaysia
2020-11-01,1,<1,2,51,<1,Malaysia
2020-12-01,1,<1,3,39,<1,Malaysia
2021-01-01,1,<1,2,85,<1,Malaysia
2021-02-01,<1,<1,1,89,<1,Malaysia
2021-03-01,<1,1,2,64,<1,Malaysia
2021-04-01,<1,<1,2,59,<1,Malaysia
2021-05-01,<1,<1,1,50,<1,Malaysia
2021-06-01,1,<1,1,69,<1,Malaysia
2021-07-01,1,<1,1,73,<1,Malaysia
2021-08-01,1,<1,1,74,<1,Malaysia
2021-09-01,1,<1,2,73,<1,Malaysia
2021-10-01,1,<1,3,72,<1,Malaysia
2021-11-01,1,<1,4,62,1,Malaysia
2021-12-01,1,1,4,35,<1,Malaysia
2022-01-01,1,1,4,54,<1,Malaysia
2022-02-01,1,<1,4,63,<1,Malaysia
2022-03-01,1,<1,5,100,<1,Malaysia
2022-04-01,1,<1,3,85,1,Malaysia
2022-05-01,1,1,4,59,1,Malaysia
2022-06-01,2,2,6,67,1,Malaysia
2022-07-01,2,2,5,61,1,Malaysia
2022-08-01,3,1,4,77,<1,Malaysia
2022-09-01,3,1,6,59,1,Malaysia
2022-10-01,3,1,5,66,1,Malaysia
2022-11-01,3,<1,6,64,<1,Malaysia
2022-12-01,2,1,7,53,<1,Malaysia
2023-01-01,2,1,5,62,1,Malaysia
2023-02-01,3,1,5,52,<1,Malaysia
2023-03-01,3,<1,4,57,<1,Malaysia
2023-04-01,1,<1,4,62,1,Malaysia
2023-05-01,3,1,5,79,1,Malaysia
2023-06-01,3,1,5,72,1,Malaysia
2023-07-01,3,1,4,73,1,Malaysia
2023-08-01,3,1,5,71,<1,Malaysia
2023-09-01,2,1,6,68,1,Malaysia
2023-10-01,3,1,5,76,1,Malaysia
2023-11-01,4,<1,5,73,1,Malaysia
2023-12-01,3,<1,6,59,<1,Malaysia
2024-01-01,2,<1,4,65,<1,Malaysia
2024-02-01,2,<1,6,46,<1,Malaysia
2024-03-01,1,<1,4,70,<1,Malaysia
2024-04-01,1,1,3,66,<1,Malaysia
2024-05-01,2,1,6,70,1,Malaysia
2024-06-01,2,<1,5,80,1,Malaysia
2024-07-01,2,<1,5,75,1,Malaysia
2024-08-01,2,<1,6,76,1,Malaysia
2024-09-01,2,<1,6,75,1,Malaysia
2024-10-01,2,<1,5,79,1,Malaysia
2024-11-01,2,<1,5,78,1,Malaysia
2024-12-01,3,1,5,66,1,Malaysia
2025-01-01,2,<1,5,51,<1,Malaysia
2025-02-01,2,<1,4,63,<1,Malaysia
2025-03-01,1,<1,2,95,<1,Malaysia
2025-04-01,2,1,3,75,<1,Malaysia
2025-05-01,4,1,5,85,1,Malaysia
2004-01-01,4,65,3,57,23,Turkey
2004-02-01,5,62,2,56,21,Turkey
2004-03-01,4,51,2,61,25,Turkey
2004-04-01,4,50,3,62,25,Turkey
2004-05-01,7,56,3,55,20,Turkey
2004-06-01,7,49,2,44,11,Turkey
2004-07-01,7,43,1,33,8,Turkey
2004-08-01,5,46,2,36,8,Turkey
2004-09-01,5,48,2,43,13,Turkey
2004-10-01,6,51,3,62,18,Turkey
2004-11-01,4,65,2,53,19,Turkey
2004-12-01,5,54,2,58,18,Turkey
2005-01-01,6,61,2,54,15,Turkey
2005-02-01,6,51,2,56,18,Turkey
2005-03-01,4,50,2,71,23,Turkey
2005-04-01,5,43,2,55,17,Turkey
2005-05-01,7,42,3,50,13,Turkey
2005-06-01,8,38,2,35,9,Turkey
2005-07-01,8,40,1,32,7,Turkey
2005-08-01,7,38,1,33,7,Turkey
2005-09-01,5,37,1,39,10,Turkey
2005-10-01,4,37,2,47,16,Turkey
2005-11-01,4,52,2,42,17,Turkey
2005-12-01,4,62,2,44,16,Turkey
2006-01-01,4,68,1,39,12,Turkey
2006-02-01,4,71,2,41,18,Turkey
2006-03-01,4,40,2,45,20,Turkey
2006-04-01,4,37,2,38,18,Turkey
2006-05-01,5,34,2,32,13,Turkey
2006-06-01,6,30,1,25,7,Turkey
2006-07-01,7,31,1,22,5,Turkey
2006-08-01,6,31,1,22,5,Turkey
2006-09-01,5,33,1,26,8,Turkey
2006-10-01,4,41,1,38,14,Turkey
2006-11-01,3,42,2,37,17,Turkey
2006-12-01,3,40,2,36,15,Turkey
2007-01-01,3,46,1,35,12,Turkey
2007-02-01,3,44,1,32,13,Turkey
2007-03-01,4,42,2,35,15,Turkey
2007-04-01,3,34,2,30,12,Turkey
2007-05-01,6,32,6,30,10,Turkey
2007-06-01,6,30,1,22,6,Turkey
2007-07-01,5,31,1,20,4,Turkey
2007-08-01,6,34,1,22,4,Turkey
2007-09-01,4,33,1,27,7,Turkey
2007-10-01,4,36,1,35,12,Turkey
2007-11-01,4,43,1,33,15,Turkey
2007-12-01,3,54,1,31,11,Turkey
2008-01-01,3,55,1,32,10,Turkey
2008-02-01,4,62,1,28,11,Turkey
2008-03-01,4,58,1,28,14,Turkey
2008-04-01,5,41,3,29,12,Turkey
2008-05-01,6,38,4,27,9,Turkey
2008-06-01,6,41,1,19,5,Turkey
2008-07-01,7,49,1,18,4,Turkey
2008-08-01,7,52,1,18,4,Turkey
2008-09-01,3,47,1,29,7,Turkey
2008-10-01,4,56,2,32,10,Turkey
2008-11-01,3,69,1,32,12,Turkey
2008-12-01,3,91,1,29,9,Turkey
2009-01-01,3,65,1,28,9,Turkey
2009-02-01,3,73,2,28,11,Turkey
2009-03-01,3,59,2,29,11,Turkey
2009-04-01,4,60,4,29,9,Turkey
2009-05-01,5,52,4,26,7,Turkey
2009-06-01,5,53,1,21,4,Turkey
2009-07-01,6,60,1,18,4,Turkey
2009-08-01,4,55,1,20,3,Turkey
2009-09-01,3,53,1,24,4,Turkey
2009-10-01,4,64,1,35,9,Turkey
2009-11-01,3,77,1,30,8,Turkey
2009-12-01,3,74,1,34,9,Turkey
2010-01-01,3,83,1,29,8,Turkey
2010-02-01,3,72,2,30,9,Turkey
2010-03-01,4,66,2,31,11,Turkey
2010-04-01,4,56,2,31,9,Turkey
2010-05-01,6,46,3,29,7,Turkey
2010-06-01,5,46,1,21,4,Turkey
2010-07-01,6,52,1,18,3,Turkey
2010-08-01,4,49,1,18,3,Turkey
2010-09-01,4,46,1,21,5,Turkey
2010-10-01,4,51,1,32,9,Turkey
2010-11-01,3,61,1,29,8,Turkey
2010-12-01,3,55,1,31,8,Turkey
2011-01-01,3,63,1,30,8,Turkey
2011-02-01,3,64,1,28,9,Turkey
2011-03-01,3,50,2,33,9,Turkey
2011-04-01,4,47,2,30,9,Turkey
2011-05-01,5,43,3,27,7,Turkey
2011-06-01,5,42,1,20,4,Turkey
2011-07-01,6,49,1,19,3,Turkey
2011-08-01,3,54,1,21,3,Turkey
2011-09-01,4,52,1,26,4,Turkey
2011-10-01,3,53,1,34,8,Turkey
2011-11-01,3,70,1,34,8,Turkey
2011-12-01,3,69,1,32,9,Turkey
2012-01-01,3,68,1,29,8,Turkey
2012-02-01,3,74,1,31,9,Turkey
2012-03-01,3,58,1,30,10,Turkey
2012-04-01,4,45,2,29,8,Turkey
2012-05-01,5,42,2,26,7,Turkey
2012-06-01,7,43,1,19,3,Turkey
2012-07-01,5,50,1,20,3,Turkey
2012-08-01,3,47,1,19,3,Turkey
2012-09-01,5,40,1,24,4,Turkey
2012-10-01,4,39,1,30,6,Turkey
2012-11-01,3,58,1,33,8,Turkey
2012-12-01,3,54,1,31,7,Turkey
2013-01-01,2,66,1,28,6,Turkey
2013-02-01,4,61,2,30,8,Turkey
2013-03-01,4,46,2,30,8,Turkey
2013-04-01,4,40,1,32,7,Turkey
2013-05-01,7,35,2,26,6,Turkey
2013-06-01,4,35,1,20,3,Turkey
2013-07-01,4,35,1,21,2,Turkey
2013-08-01,4,40,1,20,2,Turkey
2013-09-01,5,33,1,28,4,Turkey
2013-10-01,4,45,1,34,6,Turkey
2013-11-01,3,56,1,36,8,Turkey
2013-12-01,3,73,1,33,8,Turkey
2014-01-01,3,68,1,34,8,Turkey
2014-02-01,3,87,1,31,7,Turkey
2014-03-01,4,64,1,33,7,Turkey
2014-04-01,3,51,1,32,8,Turkey
2014-05-01,4,39,2,31,7,Turkey
2014-06-01,4,39,1,23,3,Turkey
2014-07-01,3,36,1,22,2,Turkey
2014-08-01,5,38,1,22,2,Turkey
2014-09-01,5,37,1,31,4,Turkey
2014-10-01,4,59,1,35,6,Turkey
2014-11-01,4,70,1,37,8,Turkey
2014-12-01,3,71,1,36,8,Turkey
2015-01-01,2,83,1,33,7,Turkey
2015-02-01,3,74,1,36,7,Turkey
2015-03-01,3,63,1,40,9,Turkey
2015-04-01,4,60,1,36,8,Turkey
2015-05-01,6,43,1,32,6,Turkey
2015-06-01,4,36,1,26,3,Turkey
2015-07-01,4,36,1,23,2,Turkey
2015-08-01,4,38,1,24,3,Turkey
2015-09-01,4,46,1,28,3,Turkey
2015-10-01,3,55,1,44,6,Turkey
2015-11-01,4,52,1,42,8,Turkey
2015-12-01,3,73,1,43,8,Turkey
2016-01-01,3,80,1,41,8,Turkey
2016-02-01,3,73,1,41,8,Turkey
2016-03-01,3,53,1,45,9,Turkey
2016-04-01,3,41,1,38,8,Turkey
2016-05-01,4,44,1,37,7,Turkey
2016-06-01,3,37,1,31,4,Turkey
2016-07-01,3,36,1,25,3,Turkey
2016-08-01,4,41,1,28,3,Turkey
2016-09-01,5,43,1,37,4,Turkey
2016-10-01,5,55,1,46,7,Turkey
2016-11-01,4,68,1,44,10,Turkey
2016-12-01,3,68,1,41,8,Turkey
2017-01-01,3,82,1,42,8,Turkey
2017-02-01,4,93,1,46,9,Turkey
2017-03-01,4,64,1,49,11,Turkey
2017-04-01,4,63,1,43,9,Turkey
2017-05-01,5,43,2,39,7,Turkey
2017-06-01,4,47,1,32,3,Turkey
2017-07-01,6,48,1,31,3,Turkey
2017-08-01,6,46,1,31,3,Turkey
2017-09-01,7,48,1,44,5,Turkey
2017-10-01,7,63,1,54,9,Turkey
2017-11-01,5,96,1,56,10,Turkey
2017-12-01,5,89,1,50,9,Turkey
2018-01-01,4,100,1,45,9,Turkey
2018-02-01,5,71,1,52,10,Turkey
2018-03-01,5,62,2,52,12,Turkey
2018-04-01,6,54,2,49,10,Turkey
2018-05-01,6,46,1,38,7,Turkey
2018-06-01,5,46,1,33,3,Turkey
2018-07-01,9,42,1,32,4,Turkey
2018-08-01,9,46,1,34,4,Turkey
2018-09-01,11,44,1,54,5,Turkey
2018-10-01,8,65,2,61,9,Turkey
2018-11-01,6,91,2,58,10,Turkey
2018-12-01,6,77,1,56,10,Turkey
2019-01-01,5,83,1,53,11,Turkey
2019-02-01,6,67,2,64,11,Turkey
2019-03-01,8,49,2,68,13,Turkey
2019-04-01,8,49,2,52,11,Turkey
2019-05-01,7,36,2,46,8,Turkey
2019-06-01,9,43,2,39,4,Turkey
2019-07-01,11,41,2,40,5,Turkey
2019-08-01,14,46,2,42,6,Turkey
2019-09-01,13,40,2,64,7,Turkey
2019-10-01,11,94,2,68,11,Turkey
2019-11-01,8,89,2,62,12,Turkey
2019-12-01,7,70,2,58,11,Turkey
2020-01-01,6,88,2,54,11,Turkey
2020-02-01,7,64,2,64,10,Turkey
2020-03-01,4,28,2,58,6,Turkey
2020-04-01,2,14,3,67,4,Turkey
2020-05-01,2,11,2,56,3,Turkey
2020-06-01,2,9,2,41,3,Turkey
2020-07-01,3,10,3,37,2,Turkey
2020-08-01,4,11,2,41,3,Turkey
2020-09-01,2,11,1,55,3,Turkey
2020-10-01,2,11,1,61,3,Turkey
2020-11-01,1,10,1,50,3,Turkey
2020-12-01,1,8,1,58,2,Turkey
2021-01-01,1,8,1,59,2,Turkey
2021-02-01,1,6,1,49,3,Turkey
2021-03-01,1,6,1,50,5,Turkey
2021-04-01,1,6,1,46,4,Turkey
2021-05-01,1,6,2,42,3,Turkey
2021-06-01,3,8,2,37,3,Turkey
2021-07-01,14,28,3,32,5,Turkey
2021-08-01,19,22,2,35,5,Turkey
2021-09-01,17,19,2,53,5,Turkey
2021-10-01,16,25,2,56,6,Turkey
2021-11-01,11,26,2,48,7,Turkey
2021-12-01,8,40,2,47,7,Turkey
2022-01-01,8,51,2,53,8,Turkey
2022-02-01,11,41,2,58,9,Turkey
2022-03-01,12,68,2,59,13,Turkey
2022-04-01,10,30,2,46,9,Turkey
2022-05-01,28,33,3,43,10,Turkey
2022-06-01,21,24,3,37,6,Turkey
2022-07-01,21,30,4,36,5,Turkey
2022-08-01,27,22,3,36,5,Turkey
2022-09-01,21,21,3,53,5,Turkey
2022-10-01,20,30,3,59,8,Turkey
2022-11-01,10,40,3,47,12,Turkey
2022-12-01,9,49,2,52,9,Turkey
2023-01-01,9,63,3,47,9,Turkey
2023-02-01,4,38,2,41,5,Turkey
2023-03-01,7,27,2,45,8,Turkey
2023-04-01,8,27,3,36,8,Turkey
2023-05-01,16,30,3,37,8,Turkey
2023-06-01,18,31,3,35,6,Turkey
2023-07-01,22,50,5,33,5,Turkey
2023-08-01,28,32,4,34,5,Turkey
2023-09-01,23,27,3,48,6,Turkey
2023-10-01,21,30,4,60,8,Turkey
2023-11-01,11,51,3,49,10,Turkey
2023-12-01,10,49,2,47,9,Turkey
2024-01-01,8,82,3,47,10,Turkey
2024-02-01,11,48,3,48,10,Turkey
2024-03-01,12,29,3,48,10,Turkey
2024-04-01,13,29,4,38,9,Turkey
2024-05-01,21,25,3,36,13,Turkey
2024-06-01,18,36,3,33,6,Turkey
2024-07-01,17,37,4,31,6,Turkey
2024-08-01,22,29,4,32,6,Turkey
2024-09-01,18,24,3,49,6,Turkey
2024-10-01,17,30,3,55,9,Turkey
2024-11-01,13,41,3,49,10,Turkey
2024-12-01,12,36,2,46,10,Turkey
2025-01-01,10,48,3,42,10,Turkey
2025-02-01,11,31,2,53,9,Turkey
2025-03-01,9,20,2,46,8,Turkey
2025-04-01,14,29,3,48,9,Turkey
2025-05-01,17,23,3,44,9,Turkey
2004-01-01,51,55,20,32,16,Canada
2004-02-01,59,52,26,31,22,Canada
2004-03-01,62,64,24,29,20,Canada
2004-04-01,59,55,21,34,18,Canada
2004-05-01,59,57,21,28,18,Canada
2004-06-01,60,55,17,19,13,Canada
2004-07-01,72,72,17,18,18,Canada
2004-08-01,67,61,18,21,16,Canada
2004-09-01,64,44,19,27,21,Canada
2004-10-01,59,57,18,35,18,Canada
2004-11-01,62,57,19,47,21,Canada
2004-12-01,54,56,15,31,14,Canada
2005-01-01,65,62,17,28,16,Canada
2005-02-01,62,50,22,27,16,Canada
2005-03-01,69,59,21,29,15,Canada
2005-04-01,65,51,21,34,14,Canada
2005-05-01,75,63,26,29,16,Canada
2005-06-01,83,56,18,21,12,Canada
2005-07-01,79,70,17,20,13,Canada
2005-08-01,75,65,16,21,13,Canada
2005-09-01,81,49,16,27,17,Canada
2005-10-01,62,63,16,33,15,Canada
2005-11-01,67,71,15,48,15,Canada
2005-12-01,58,63,15,31,13,Canada
2006-01-01,54,68,18,27,13,Canada
2006-02-01,54,59,20,27,14,Canada
2006-03-01,59,51,21,30,13,Canada
2006-04-01,58,53,18,33,14,Canada
2006-05-01,67,58,19,26,16,Canada
2006-06-01,60,55,14,19,11,Canada
2006-07-01,64,66,16,18,12,Canada
2006-08-01,68,65,15,19,12,Canada
2006-09-01,65,51,17,28,14,Canada
2006-10-01,55,55,17,31,14,Canada
2006-11-01,58,50,16,43,16,Canada
2006-12-01,50,59,14,29,14,Canada
2007-01-01,47,58,17,25,12,Canada
2007-02-01,52,53,16,27,14,Canada
2007-03-01,51,60,22,29,12,Canada
2007-04-01,55,57,22,33,13,Canada
2007-05-01,56,51,23,26,12,Canada
2007-06-01,64,49,19,22,10,Canada
2007-07-01,95,89,21,21,10,Canada
2007-08-01,56,71,19,22,12,Canada
2007-09-01,66,45,17,29,14,Canada
2007-10-01,59,41,15,31,12,Canada
2007-11-01,63,41,14,42,14,Canada
2007-12-01,56,51,12,34,11,Canada
2008-01-01,47,57,15,28,10,Canada
2008-02-01,59,56,17,31,11,Canada
2008-03-01,67,54,17,30,11,Canada
2008-04-01,60,39,16,31,12,Canada
2008-05-01,64,47,18,27,11,Canada
2008-06-01,64,50,19,23,9,Canada
2008-07-01,78,72,20,21,10,Canada
2008-08-01,68,61,18,22,9,Canada
2008-09-01,66,41,17,29,13,Canada
2008-10-01,58,42,17,32,12,Canada
2008-11-01,53,53,14,46,13,Canada
2008-12-01,57,57,11,35,10,Canada
2009-01-01,49,60,13,28,9,Canada
2009-02-01,49,54,14,31,9,Canada
2009-03-01,71,56,16,29,10,Canada
2009-04-01,68,41,17,32,10,Canada
2009-05-01,64,45,19,27,11,Canada
2009-06-01,71,45,17,27,9,Canada
2009-07-01,83,71,20,23,9,Canada
2009-08-01,88,51,14,24,9,Canada
2009-09-01,76,33,12,28,9,Canada
2009-10-01,76,39,13,30,10,Canada
2009-11-01,69,51,13,43,11,Canada
2009-12-01,52,48,10,31,9,Canada
2010-01-01,55,52,11,27,8,Canada
2010-02-01,57,44,15,27,9,Canada
2010-03-01,65,43,20,27,10,Canada
2010-04-01,64,32,17,30,9,Canada
2010-05-01,68,32,16,27,9,Canada
2010-06-01,78,43,13,23,8,Canada
2010-07-01,82,54,14,21,8,Canada
2010-08-01,73,49,14,21,8,Canada
2010-09-01,61,33,12,28,9,Canada
2010-10-01,50,35,12,28,9,Canada
2010-11-01,54,37,12,43,10,Canada
2010-12-01,48,41,10,31,8,Canada
2011-01-01,42,53,12,34,9,Canada
2011-02-01,54,50,15,32,9,Canada
2011-03-01,51,51,16,32,9,Canada
2011-04-01,49,44,14,33,10,Canada
2011-05-01,58,47,15,32,9,Canada
2011-06-01,66,51,16,25,8,Canada
2011-07-01,78,66,16,22,9,Canada
2011-08-01,63,66,16,28,9,Canada
2011-09-01,55,44,14,35,9,Canada
2011-10-01,50,45,14,37,10,Canada
2011-11-01,56,50,13,51,10,Canada
2011-12-01,52,55,10,43,8,Canada
2012-01-01,42,51,11,35,8,Canada
2012-02-01,51,46,11,32,9,Canada
2012-03-01,46,52,13,36,8,Canada
2012-04-01,50,47,12,37,9,Canada
2012-05-01,54,38,13,30,8,Canada
2012-06-01,65,41,12,27,7,Canada
2012-07-01,61,51,13,25,9,Canada
2012-08-01,53,45,15,27,7,Canada
2012-09-01,60,33,12,35,8,Canada
2012-10-01,57,35,12,38,9,Canada
2012-11-01,64,47,12,47,10,Canada
2012-12-01,68,43,9,41,8,Canada
2013-01-01,43,46,12,38,7,Canada
2013-02-01,57,37,11,40,8,Canada
2013-03-01,58,39,12,34,7,Canada
2013-04-01,57,31,15,39,8,Canada
2013-05-01,53,36,12,32,8,Canada
2013-06-01,61,39,14,29,6,Canada
2013-07-01,76,43,16,25,7,Canada
2013-08-01,68,47,16,31,7,Canada
2013-09-01,55,31,12,34,7,Canada
2013-10-01,54,31,12,39,8,Canada
2013-11-01,56,34,11,52,8,Canada
2013-12-01,52,36,10,45,8,Canada
2014-01-01,51,32,12,40,7,Canada
2014-02-01,47,32,11,37,7,Canada
2014-03-01,51,35,12,39,8,Canada
2014-04-01,49,27,12,41,7,Canada
2014-05-01,52,27,12,33,7,Canada
2014-06-01,55,29,12,28,6,Canada
2014-07-01,64,38,18,30,6,Canada
2014-08-01,65,41,17,35,6,Canada
2014-09-01,57,28,12,43,7,Canada
2014-10-01,47,31,12,44,7,Canada
2014-11-01,52,31,11,57,8,Canada
2014-12-01,50,36,11,51,7,Canada
2015-01-01,40,34,12,42,6,Canada
2015-02-01,51,36,13,41,7,Canada
2015-03-01,53,36,13,40,7,Canada
2015-04-01,48,34,12,42,7,Canada
2015-05-01,51,28,13,36,7,Canada
2015-06-01,61,34,12,33,6,Canada
2015-07-01,67,43,17,30,6,Canada
2015-08-01,65,37,15,33,5,Canada
2015-09-01,62,27,10,42,7,Canada
2015-10-01,47,31,9,46,7,Canada
2015-11-01,64,36,10,60,8,Canada
2015-12-01,57,41,10,52,7,Canada
2016-01-01,43,36,10,49,5,Canada
2016-02-01,44,33,12,45,6,Canada
2016-03-01,49,32,13,45,6,Canada
2016-04-01,60,23,11,52,8,Canada
2016-05-01,70,23,12,43,6,Canada
2016-06-01,60,27,13,37,5,Canada
2016-07-01,62,40,17,34,6,Canada
2016-08-01,86,32,14,37,6,Canada
2016-09-01,56,23,12,45,6,Canada
2016-10-01,58,27,11,50,6,Canada
2016-11-01,48,28,10,63,7,Canada
2016-12-01,45,33,9,50,6,Canada
2017-01-01,42,36,10,45,5,Canada
2017-02-01,52,32,12,43,6,Canada
2017-03-01,53,33,14,44,6,Canada
2017-04-01,48,27,11,47,6,Canada
2017-05-01,80,27,12,37,6,Canada
2017-06-01,71,25,12,34,5,Canada
2017-07-01,72,32,17,34,6,Canada
2017-08-01,67,29,15,40,6,Canada
2017-09-01,55,23,10,46,6,Canada
2017-10-01,60,26,12,47,6,Canada
2017-11-01,52,26,10,60,7,Canada
2017-12-01,50,30,9,54,6,Canada
2018-01-01,39,28,10,47,5,Canada
2018-02-01,46,28,10,44,6,Canada
2018-03-01,52,28,13,44,6,Canada
2018-04-01,48,26,11,49,7,Canada
2018-05-01,57,19,11,41,6,Canada
2018-06-01,50,21,11,35,5,Canada
2018-07-01,58,29,15,36,6,Canada
2018-08-01,67,27,15,39,6,Canada
2018-09-01,59,19,11,44,6,Canada
2018-10-01,48,23,10,50,7,Canada
2018-11-01,56,25,10,62,7,Canada
2018-12-01,50,30,9,60,6,Canada
2019-01-01,43,24,10,47,5,Canada
2019-02-01,54,22,10,47,6,Canada
2019-03-01,50,27,12,46,6,Canada
2019-04-01,53,25,10,45,6,Canada
2019-05-01,53,23,11,40,6,Canada
2019-06-01,57,24,11,37,5,Canada
2019-07-01,61,31,16,34,6,Canada
2019-08-01,58,29,16,40,5,Canada
2019-09-01,52,25,10,48,5,Canada
2019-10-01,47,27,10,46,6,Canada
2019-11-01,51,27,9,63,7,Canada
2019-12-01,46,32,9,58,6,Canada
2020-01-01,40,27,9,49,6,Canada
2020-02-01,49,25,10,49,6,Canada
2020-03-01,47,14,8,43,3,Canada
2020-04-01,55,2,3,48,2,Canada
2020-05-01,23,2,3,45,1,Canada
2020-06-01,20,4,5,39,1,Canada
2020-07-01,20,9,10,40,1,Canada
2020-08-01,20,12,10,46,2,Canada
2020-09-01,18,10,7,47,2,Canada
2020-10-01,18,5,3,56,2,Canada
2020-11-01,17,3,4,65,2,Canada
2020-12-01,21,3,3,63,2,Canada
2021-01-01,21,2,3,56,1,Canada
2021-02-01,17,5,8,53,2,Canada
2021-03-01,15,10,8,51,2,Canada
2021-04-01,17,7,5,49,2,Canada
2021-05-01,20,6,5,49,2,Canada
2021-06-01,23,12,8,41,3,Canada
2021-07-01,26,20,15,40,3,Canada
2021-08-01,34,19,12,47,3,Canada
2021-09-01,33,12,8,50,4,Canada
2021-10-01,35,19,8,53,5,Canada
2021-11-01,75,19,8,67,6,Canada
2021-12-01,41,13,7,60,4,Canada
2022-01-01,28,3,7,54,2,Canada
2022-02-01,39,17,9,50,4,Canada
2022-03-01,58,19,10,54,6,Canada
2022-04-01,65,15,10,49,6,Canada
2022-05-01,69,13,9,44,6,Canada
2022-06-01,80,20,9,40,5,Canada
2022-07-01,88,22,13,38,6,Canada
2022-08-01,91,19,12,47,5,Canada
2022-09-01,88,11,8,52,6,Canada
2022-10-01,62,14,9,53,5,Canada
2022-11-01,61,16,8,69,6,Canada
2022-12-01,55,22,7,62,5,Canada
2023-01-01,49,21,8,53,5,Canada
2023-02-01,61,19,10,55,6,Canada
2023-03-01,65,19,9,51,6,Canada
2023-04-01,61,19,8,54,5,Canada
2023-05-01,76,13,8,46,5,Canada
2023-06-01,86,16,12,43,5,Canada
2023-07-01,90,28,13,42,5,Canada
2023-08-01,96,29,12,46,5,Canada
2023-09-01,89,16,8,52,5,Canada
2023-10-01,85,19,8,54,6,Canada
2023-11-01,84,17,8,69,6,Canada
2023-12-01,65,19,8,60,5,Canada
2024-01-01,52,15,8,54,4,Canada
2024-02-01,69,16,9,55,5,Canada
2024-03-01,73,19,11,54,5,Canada
2024-04-01,74,13,8,58,6,Canada
2024-05-01,69,10,9,47,5,Canada
2024-06-01,77,16,9,42,5,Canada
2024-07-01,77,19,11,41,5,Canada
2024-08-01,96,20,11,49,5,Canada
2024-09-01,86,11,9,54,5,Canada
2024-10-01,76,12,7,58,5,Canada
2024-11-01,100,16,7,71,6,Canada
2024-12-01,73,16,7,68,4,Canada
2025-01-01,57,12,9,58,4,Canada
2025-02-01,76,10,9,56,5,Canada
2025-03-01,69,11,9,57,5,Canada
2025-04-01,68,10,8,55,5,Canada
2025-05-01,67,10,9,48,5,Canada
2004-01-01,0,0,0,27,0,Jordan
2004-02-01,0,0,0,28,0,Jordan
2004-03-01,0,0,0,48,0,Jordan
2004-04-01,0,0,0,35,0,Jordan
2004-05-01,0,0,0,38,0,Jordan
2004-06-01,0,0,0,20,0,Jordan
2004-07-01,0,0,0,21,0,Jordan
2004-08-01,0,0,0,30,0,Jordan
2004-09-01,0,0,0,37,0,Jordan
2004-10-01,0,0,0,46,0,Jordan
2004-11-01,0,0,0,32,0,Jordan
2004-12-01,0,0,0,32,0,Jordan
2005-01-01,0,0,0,33,0,Jordan
2005-02-01,0,0,0,33,0,Jordan
2005-03-01,0,0,0,49,0,Jordan
2005-04-01,0,0,0,28,0,Jordan
2005-05-01,0,0,0,27,0,Jordan
2005-06-01,0,17,0,23,0,Jordan
2005-07-01,0,10,0,35,0,Jordan
2005-08-01,0,0,0,31,0,Jordan
2005-09-01,0,0,0,26,0,Jordan
2005-10-01,0,0,0,47,0,Jordan
2005-11-01,0,0,0,33,0,Jordan
2005-12-01,0,0,0,44,0,Jordan
2006-01-01,0,0,0,31,0,Jordan
2006-02-01,0,0,0,39,0,Jordan
2006-03-01,0,0,0,37,0,Jordan
2006-04-01,0,0,0,39,0,Jordan
2006-05-01,0,0,0,33,0,Jordan
2006-06-01,0,0,0,19,0,Jordan
2006-07-01,0,7,0,23,0,Jordan
2006-08-01,0,7,5,29,0,Jordan
2006-09-01,0,5,0,39,0,Jordan
2006-10-01,0,0,0,38,0,Jordan
2006-11-01,0,0,0,35,0,Jordan
2006-12-01,0,6,0,24,0,Jordan
2007-01-01,0,8,0,30,0,Jordan
2007-02-01,0,5,0,36,0,Jordan
2007-03-01,0,4,0,37,0,Jordan
2007-04-01,0,4,0,39,0,Jordan
2007-05-01,0,4,0,35,0,Jordan
2007-06-01,0,5,0,30,0,Jordan
2007-07-01,0,6,3,29,0,Jordan
2007-08-01,0,6,3,28,0,Jordan
2007-09-01,0,7,0,48,0,Jordan
2007-10-01,0,4,4,46,0,Jordan
2007-11-01,0,6,3,41,0,Jordan
2007-12-01,0,6,0,38,2,Jordan
2008-01-01,0,4,4,33,0,Jordan
2008-02-01,0,6,0,38,0,Jordan
2008-03-01,0,5,0,46,0,Jordan
2008-04-01,0,3,0,44,0,Jordan
2008-05-01,0,4,3,38,0,Jordan
2008-06-01,0,5,3,32,0,Jordan
2008-07-01,0,6,0,35,0,Jordan
2008-08-01,0,6,0,33,0,Jordan
2008-09-01,0,5,0,49,0,Jordan
2008-10-01,0,5,3,47,0,Jordan
2008-11-01,0,4,3,51,0,Jordan
2008-12-01,0,5,0,39,0,Jordan
2009-01-01,0,5,0,30,0,Jordan
2009-02-01,0,4,0,45,0,Jordan
2009-03-01,0,4,2,48,0,Jordan
2009-04-01,0,4,2,46,0,Jordan
2009-05-01,0,5,3,41,0,Jordan
2009-06-01,0,6,0,31,0,Jordan
2009-07-01,0,7,0,34,0,Jordan
2009-08-01,0,4,2,34,0,Jordan
2009-09-01,0,4,1,39,0,Jordan
2009-10-01,0,4,3,51,0,Jordan
2009-11-01,0,5,3,43,0,Jordan
2009-12-01,0,6,2,43,0,Jordan
2010-01-01,0,5,2,36,0,Jordan
2010-02-01,0,5,0,38,0,Jordan
2010-03-01,0,5,3,43,0,Jordan
2010-04-01,0,5,1,43,0,Jordan
2010-05-01,0,5,2,38,1,Jordan
2010-06-01,0,7,2,32,0,Jordan
2010-07-01,0,5,2,32,0,Jordan
2010-08-01,0,5,1,27,0,Jordan
2010-09-01,0,5,0,38,0,Jordan
2010-10-01,0,4,2,44,0,Jordan
2010-11-01,0,6,2,35,0,Jordan
2010-12-01,0,5,1,37,1,Jordan
2011-01-01,0,6,1,28,<1,Jordan
2011-02-01,0,5,1,33,<1,Jordan
2011-03-01,0,4,1,36,1,Jordan
2011-04-01,0,4,1,32,1,Jordan
2011-05-01,0,5,1,30,1,Jordan
2011-06-01,0,5,1,27,1,Jordan
2011-07-01,0,5,1,24,1,Jordan
2011-08-01,0,4,1,23,<1,Jordan
2011-09-01,0,5,1,31,1,Jordan
2011-10-01,0,4,1,37,1,Jordan
2011-11-01,0,7,1,30,1,Jordan
2011-12-01,0,7,2,29,1,Jordan
2012-01-01,0,6,1,24,1,Jordan
2012-02-01,0,5,1,27,1,Jordan
2012-03-01,0,4,1,29,1,Jordan
2012-04-01,0,4,2,28,1,Jordan
2012-05-01,0,4,2,26,1,Jordan
2012-06-01,0,4,1,22,1,Jordan
2012-07-01,0,4,1,25,1,Jordan
2012-08-01,0,4,1,23,1,Jordan
2012-09-01,0,3,1,32,1,Jordan
2012-10-01,0,4,1,31,1,Jordan
2012-11-01,0,4,2,29,1,Jordan
2012-12-01,0,4,1,29,1,Jordan
2013-01-01,0,5,1,21,<1,Jordan
2013-02-01,0,5,1,30,<1,Jordan
2013-03-01,0,4,1,31,1,Jordan
2013-04-01,0,4,2,30,1,Jordan
2013-05-01,0,5,2,25,1,Jordan
2013-06-01,0,5,1,23,1,Jordan
2013-07-01,0,4,1,22,1,Jordan
2013-08-01,0,5,1,25,1,Jordan
2013-09-01,0,4,1,31,1,Jordan
2013-10-01,0,5,1,30,1,Jordan
2013-11-01,0,4,2,32,1,Jordan
2013-12-01,0,4,1,28,1,Jordan
2014-01-01,0,5,1,25,1,Jordan
2014-02-01,0,4,1,30,1,Jordan
2014-03-01,0,4,2,31,1,Jordan
2014-04-01,0,5,2,28,1,Jordan
2014-05-01,0,4,1,30,1,Jordan
2014-06-01,0,5,1,21,1,Jordan
2014-07-01,0,5,1,23,<1,Jordan
2014-08-01,0,7,1,25,<1,Jordan
2014-09-01,0,4,1,32,1,Jordan
2014-10-01,0,7,1,31,1,Jordan
2014-11-01,0,5,1,37,1,Jordan
2014-12-01,0,7,2,34,1,Jordan
2015-01-01,0,7,1,26,1,Jordan
2015-02-01,0,6,1,33,1,Jordan
2015-03-01,0,6,2,36,1,Jordan
2015-04-01,0,8,2,31,1,Jordan
2015-05-01,0,5,1,29,1,Jordan
2015-06-01,0,5,1,25,1,Jordan
2015-07-01,0,7,2,21,1,Jordan
2015-08-01,0,7,2,27,1,Jordan
2015-09-01,0,7,1,30,1,Jordan
2015-10-01,0,7,1,37,2,Jordan
2015-11-01,0,6,2,38,2,Jordan
2015-12-01,0,7,2,40,2,Jordan
2016-01-01,0,8,2,32,3,Jordan
2016-02-01,0,6,2,42,3,Jordan
2016-03-01,0,6,2,45,3,Jordan
2016-04-01,0,6,2,42,3,Jordan
2016-05-01,0,6,2,35,2,Jordan
2016-06-01,0,5,2,27,2,Jordan
2016-07-01,0,10,2,25,1,Jordan
2016-08-01,0,9,2,28,2,Jordan
2016-09-01,0,13,2,38,4,Jordan
2016-10-01,0,9,2,49,3,Jordan
2016-11-01,0,8,3,43,3,Jordan
2016-12-01,0,8,2,40,3,Jordan
2017-01-01,0,9,2,30,4,Jordan
2017-02-01,0,8,2,45,4,Jordan
2017-03-01,0,7,3,45,3,Jordan
2017-04-01,0,10,2,38,3,Jordan
2017-05-01,0,7,2,31,2,Jordan
2017-06-01,0,9,2,24,2,Jordan
2017-07-01,0,13,2,24,2,Jordan
2017-08-01,0,10,2,25,2,Jordan
2017-09-01,0,12,2,43,2,Jordan
2017-10-01,0,8,2,46,1,Jordan
2017-11-01,0,9,3,41,2,Jordan
2017-12-01,0,9,3,38,2,Jordan
2018-01-01,0,12,2,33,4,Jordan
2018-02-01,0,10,3,39,3,Jordan
2018-03-01,0,8,3,41,3,Jordan
2018-04-01,0,9,3,33,3,Jordan
2018-05-01,0,7,2,29,5,Jordan
2018-06-01,0,10,2,27,3,Jordan
2018-07-01,0,11,3,33,2,Jordan
2018-08-01,0,15,3,27,2,Jordan
2018-09-01,0,12,2,42,3,Jordan
2018-10-01,0,9,2,40,2,Jordan
2018-11-01,0,9,2,37,2,Jordan
2018-12-01,0,10,2,38,3,Jordan
2019-01-01,0,10,2,29,3,Jordan
2019-02-01,0,9,2,40,3,Jordan
2019-03-01,0,8,2,39,3,Jordan
2019-04-01,0,9,2,35,3,Jordan
2019-05-01,0,7,1,32,2,Jordan
2019-06-01,0,16,3,32,2,Jordan
2019-07-01,0,14,3,30,2,Jordan
2019-08-01,0,20,3,28,2,Jordan
2019-09-01,0,11,2,34,4,Jordan
2019-10-01,0,14,2,44,3,Jordan
2019-11-01,0,11,3,39,3,Jordan
2019-12-01,0,11,2,38,2,Jordan
2020-01-01,0,13,2,33,2,Jordan
2020-02-01,0,9,2,39,3,Jordan
2020-03-01,0,6,1,48,3,Jordan
2020-04-01,0,5,1,50,3,Jordan
2020-05-01,0,4,2,39,2,Jordan
2020-06-01,0,3,2,34,2,Jordan
2020-07-01,0,3,2,31,2,Jordan
2020-08-01,0,5,2,30,2,Jordan
2020-09-01,0,4,1,48,2,Jordan
2020-10-01,0,3,2,54,2,Jordan
2020-11-01,0,3,2,50,2,Jordan
2020-12-01,0,4,2,46,3,Jordan
2021-01-01,0,4,2,41,3,Jordan
2021-02-01,0,4,2,45,2,Jordan
2021-03-01,0,4,1,51,2,Jordan
2021-04-01,0,4,1,42,1,Jordan
2021-05-01,0,4,2,32,1,Jordan
2021-06-01,0,6,4,41,2,Jordan
2021-07-01,0,11,3,29,1,Jordan
2021-08-01,0,10,3,33,2,Jordan
2021-09-01,0,8,2,67,2,Jordan
2021-10-01,0,8,2,67,1,Jordan
2021-11-01,0,7,2,68,2,Jordan
2021-12-01,0,8,2,45,2,Jordan
2022-01-01,0,9,2,37,1,Jordan
2022-02-01,0,7,2,55,1,Jordan
2022-03-01,0,6,3,78,2,Jordan
2022-04-01,0,4,2,63,1,Jordan
2022-05-01,0,7,3,62,2,Jordan
2022-06-01,0,6,3,59,2,Jordan
2022-07-01,0,15,3,42,2,Jordan
2022-08-01,0,9,3,43,1,Jordan
2022-09-01,0,7,2,85,1,Jordan
2022-10-01,0,7,2,92,1,Jordan
2022-11-01,0,5,2,77,1,Jordan
2022-12-01,0,6,2,59,1,Jordan
2023-01-01,0,9,2,45,1,Jordan
2023-02-01,0,7,2,77,1,Jordan
2023-03-01,0,5,2,76,1,Jordan
2023-04-01,0,6,2,55,1,Jordan
2023-05-01,0,7,3,70,1,Jordan
2023-06-01,0,8,2,61,1,Jordan
2023-07-01,0,15,3,58,1,Jordan
2023-08-01,0,10,2,57,1,Jordan
2023-09-01,0,8,2,98,1,Jordan
2023-10-01,0,5,2,88,1,Jordan
2023-11-01,0,5,2,88,1,Jordan
2023-12-01,0,6,2,78,1,Jordan
2024-01-01,0,8,2,55,1,Jordan
2024-02-01,0,6,2,93,1,Jordan
2024-03-01,0,4,2,74,1,Jordan
2024-04-01,0,5,3,67,1,Jordan
2024-05-01,0,5,3,72,1,Jordan
2024-06-01,0,11,3,56,1,Jordan
2024-07-01,0,13,4,48,1,Jordan
2024-08-01,0,8,3,56,1,Jordan
2024-09-01,0,6,2,93,1,Jordan
2024-10-01,0,6,3,100,1,Jordan
2024-11-01,0,7,3,98,1,Jordan
2024-12-01,0,8,2,83,1,Jordan
2025-01-01,0,9,2,59,1,Jordan
2025-02-01,0,6,2,90,1,Jordan
2025-03-01,0,4,1,73,1,Jordan
2025-04-01,0,6,3,78,1,Jordan
2025-05-01,0,6,2,73,1,Jordan
2004-01-01,7,37,12,35,35,Poland
2004-02-01,9,47,11,32,38,Poland
2004-03-01,9,39,12,28,36,Poland
2004-04-01,9,26,13,27,29,Poland
2004-05-01,13,29,14,25,29,Poland
2004-06-01,11,33,11,30,21,Poland
2004-07-01,8,44,13,29,12,Poland
2004-08-01,8,36,15,32,13,Poland
2004-09-01,7,31,15,30,31,Poland
2004-10-01,7,35,17,29,39,Poland
2004-11-01,8,40,16,28,41,Poland
2004-12-01,8,33,12,31,30,Poland
2005-01-01,8,34,13,28,34,Poland
2005-02-01,10,42,14,29,38,Poland
2005-03-01,9,32,14,29,35,Poland
2005-04-01,8,26,14,26,29,Poland
2005-05-01,12,34,16,26,26,Poland
2005-06-01,11,33,15,28,22,Poland
2005-07-01,16,40,14,34,12,Poland
2005-08-01,18,38,15,28,14,Poland
2005-09-01,18,29,14,27,27,Poland
2005-10-01,9,36,14,27,36,Poland
2005-11-01,9,47,15,26,43,Poland
2005-12-01,8,35,12,30,31,Poland
2006-01-01,7,51,12,28,38,Poland
2006-02-01,9,63,13,31,41,Poland
2006-03-01,11,51,14,28,37,Poland
2006-04-01,8,35,14,30,25,Poland
2006-05-01,11,37,17,27,25,Poland
2006-06-01,11,31,13,25,19,Poland
2006-07-01,10,38,13,26,11,Poland
2006-08-01,12,42,14,27,15,Poland
2006-09-01,9,35,14,27,27,Poland
2006-10-01,8,40,14,28,37,Poland
2006-11-01,8,41,13,27,39,Poland
2006-12-01,7,36,11,28,27,Poland
2007-01-01,7,52,13,25,35,Poland
2007-02-01,10,61,14,25,38,Poland
2007-03-01,9,43,13,24,32,Poland
2007-04-01,11,30,12,22,26,Poland
2007-05-01,12,31,17,23,27,Poland
2007-06-01,18,38,12,22,18,Poland
2007-07-01,17,55,13,23,11,Poland
2007-08-01,11,44,14,22,15,Poland
2007-09-01,9,36,12,22,28,Poland
2007-10-01,9,39,11,22,35,Poland
2007-11-01,9,39,12,22,35,Poland
2007-12-01,10,37,9,23,26,Poland
2008-01-01,9,48,10,22,33,Poland
2008-02-01,9,67,11,19,33,Poland
2008-03-01,10,48,10,21,30,Poland
2008-04-01,9,38,14,21,30,Poland
2008-05-01,16,32,16,19,24,Poland
2008-06-01,14,30,11,20,17,Poland
2008-07-01,13,42,12,19,9,Poland
2008-08-01,13,46,12,18,11,Poland
2008-09-01,10,37,11,19,29,Poland
2008-10-01,10,46,11,20,36,Poland
2008-11-01,10,51,13,19,37,Poland
2008-12-01,8,41,9,22,28,Poland
2009-01-01,9,54,10,22,34,Poland
2009-02-01,12,60,11,22,35,Poland
2009-03-01,13,53,12,23,30,Poland
2009-04-01,11,33,13,22,23,Poland
2009-05-01,15,40,18,20,23,Poland
2009-06-01,17,44,13,19,18,Poland
2009-07-01,13,59,14,20,10,Poland
2009-08-01,23,56,15,20,13,Poland
2009-09-01,12,52,14,22,25,Poland
2009-10-01,12,56,13,21,34,Poland
2009-11-01,13,77,12,23,35,Poland
2009-12-01,10,60,10,26,25,Poland
2010-01-01,10,80,11,24,33,Poland
2010-02-01,12,77,12,24,34,Poland
2010-03-01,11,54,14,25,29,Poland
2010-04-01,10,42,14,22,21,Poland
2010-05-01,16,51,18,22,23,Poland
2010-06-01,14,50,13,21,17,Poland
2010-07-01,10,69,14,20,10,Poland
2010-08-01,13,65,15,21,12,Poland
2010-09-01,12,44,14,19,25,Poland
2010-10-01,11,52,13,19,31,Poland
2010-11-01,12,57,13,20,29,Poland
2010-12-01,10,44,8,21,21,Poland
2011-01-01,11,69,12,22,30,Poland
2011-02-01,11,74,14,21,32,Poland
2011-03-01,11,59,14,22,29,Poland
2011-04-01,11,44,14,20,23,Poland
2011-05-01,14,51,18,20,21,Poland
2011-06-01,16,51,13,19,17,Poland
2011-07-01,14,71,15,19,11,Poland
2011-08-01,13,60,14,19,12,Poland
2011-09-01,12,47,13,20,24,Poland
2011-10-01,11,61,12,22,31,Poland
2011-11-01,12,79,13,24,33,Poland
2011-12-01,11,57,10,25,24,Poland
2012-01-01,10,69,12,23,28,Poland
2012-02-01,10,72,12,22,29,Poland
2012-03-01,10,52,12,20,27,Poland
2012-04-01,10,45,12,19,21,Poland
2012-05-01,13,44,17,20,20,Poland
2012-06-01,11,40,12,18,15,Poland
2012-07-01,13,58,14,18,10,Poland
2012-08-01,13,59,14,18,12,Poland
2012-09-01,13,57,14,21,24,Poland
2012-10-01,11,54,11,21,26,Poland
2012-11-01,14,66,12,23,28,Poland
2012-12-01,11,56,10,23,23,Poland
2013-01-01,12,62,11,21,27,Poland
2013-02-01,14,68,11,20,28,Poland
2013-03-01,15,43,11,18,22,Poland
2013-04-01,12,43,14,19,22,Poland
2013-05-01,15,44,17,19,19,Poland
2013-06-01,16,39,13,18,15,Poland
2013-07-01,14,51,14,17,10,Poland
2013-08-01,14,55,15,18,12,Poland
2013-09-01,10,41,13,18,23,Poland
2013-10-01,10,47,12,21,27,Poland
2013-11-01,11,53,12,22,29,Poland
2013-12-01,11,52,9,24,23,Poland
2014-01-01,12,64,11,22,27,Poland
2014-02-01,11,64,12,20,28,Poland
2014-03-01,10,47,12,19,25,Poland
2014-04-01,12,36,13,19,18,Poland
2014-05-01,14,41,18,18,19,Poland
2014-06-01,14,40,13,19,15,Poland
2014-07-01,12,46,15,17,10,Poland
2014-08-01,14,51,16,18,11,Poland
2014-09-01,11,41,13,21,22,Poland
2014-10-01,11,55,14,20,26,Poland
2014-11-01,13,64,16,23,26,Poland
2014-12-01,12,58,12,25,22,Poland
2015-01-01,12,71,14,24,25,Poland
2015-02-01,12,86,15,24,28,Poland
2015-03-01,11,48,15,20,24,Poland
2015-04-01,10,38,15,20,19,Poland
2015-05-01,12,37,19,20,20,Poland
2015-06-01,13,39,14,19,15,Poland
2015-07-01,13,52,17,18,10,Poland
2015-08-01,14,45,16,18,11,Poland
2015-09-01,10,44,14,20,21,Poland
2015-10-01,12,53,13,20,27,Poland
2015-11-01,12,72,13,23,29,Poland
2015-12-01,12,56,11,27,22,Poland
2016-01-01,11,65,11,21,24,Poland
2016-02-01,10,84,14,20,26,Poland
2016-03-01,10,50,12,19,20,Poland
2016-04-01,11,37,15,18,21,Poland
2016-05-01,12,37,17,18,18,Poland
2016-06-01,12,36,12,18,13,Poland
2016-07-01,14,54,17,16,8,Poland
2016-08-01,13,53,17,17,10,Poland
2016-09-01,10,51,14,20,20,Poland
2016-10-01,13,65,12,20,25,Poland
2016-11-01,13,68,13,22,25,Poland
2016-12-01,11,51,10,25,20,Poland
2017-01-01,12,70,12,20,23,Poland
2017-02-01,10,86,13,20,25,Poland
2017-03-01,9,59,13,20,22,Poland
2017-04-01,9,45,15,19,17,Poland
2017-05-01,14,41,17,18,18,Poland
2017-06-01,16,48,14,17,14,Poland
2017-07-01,13,57,19,16,10,Poland
2017-08-01,11,51,18,15,10,Poland
2017-09-01,10,53,14,20,20,Poland
2017-10-01,10,67,13,19,25,Poland
2017-11-01,12,67,13,23,24,Poland
2017-12-01,11,58,10,25,20,Poland
2018-01-01,12,75,13,20,23,Poland
2018-02-01,10,91,14,22,24,Poland
2018-03-01,10,54,12,20,20,Poland
2018-04-01,10,35,14,17,17,Poland
2018-05-01,12,36,18,18,16,Poland
2018-06-01,13,39,14,17,14,Poland
2018-07-01,14,51,17,17,9,Poland
2018-08-01,15,54,18,17,10,Poland
2018-09-01,11,73,15,20,20,Poland
2018-10-01,12,87,12,21,23,Poland
2018-11-01,16,72,12,24,22,Poland
2018-12-01,15,61,10,25,20,Poland
2019-01-01,12,85,12,21,24,Poland
2019-02-01,11,100,16,20,24,Poland
2019-03-01,10,58,13,20,21,Poland
2019-04-01,9,44,15,19,15,Poland
2019-05-01,13,43,18,20,17,Poland
2019-06-01,16,37,13,17,11,Poland
2019-07-01,15,62,19,18,10,Poland
2019-08-01,16,61,21,18,11,Poland
2019-09-01,11,62,14,22,19,Poland
2019-10-01,11,64,14,23,23,Poland
2019-11-01,13,90,14,26,25,Poland
2019-12-01,13,71,11,28,21,Poland
2020-01-01,13,87,15,24,26,Poland
2020-02-01,12,92,16,24,24,Poland
2020-03-01,8,24,9,22,13,Poland
2020-04-01,7,6,6,23,6,Poland
2020-05-01,5,8,9,23,6,Poland
2020-06-01,4,12,10,21,6,Poland
2020-07-01,5,19,17,19,5,Poland
2020-08-01,7,19,19,20,5,Poland
2020-09-01,6,31,14,24,10,Poland
2020-10-01,4,21,8,22,8,Poland
2020-11-01,3,7,6,29,5,Poland
2020-12-01,4,6,6,30,5,Poland
2021-01-01,5,6,7,26,5,Poland
2021-02-01,5,22,13,22,12,Poland
2021-03-01,4,11,9,23,8,Poland
2021-04-01,5,4,7,22,4,Poland
2021-05-01,6,16,13,21,7,Poland
2021-06-01,10,30,13,17,9,Poland
2021-07-01,13,37,20,18,8,Poland
2021-08-01,17,41,23,19,9,Poland
2021-09-01,12,41,16,23,15,Poland
2021-10-01,13,51,13,23,18,Poland
2021-11-01,12,50,12,25,17,Poland
2021-12-01,11,39,9,27,13,Poland
2022-01-01,11,51,13,25,16,Poland
2022-02-01,9,50,16,24,18,Poland
2022-03-01,11,31,12,21,16,Poland
2022-04-01,12,31,14,20,14,Poland
2022-05-01,16,28,19,20,14,Poland
2022-06-01,21,27,15,18,11,Poland
2022-07-01,19,45,21,18,8,Poland
2022-08-01,20,34,22,20,9,Poland
2022-09-01,14,33,15,23,16,Poland
2022-10-01,15,50,15,23,19,Poland
2022-11-01,14,42,14,24,21,Poland
2022-12-01,15,37,11,25,17,Poland
2023-01-01,14,54,17,24,22,Poland
2023-02-01,13,57,19,23,21,Poland
2023-03-01,12,39,16,21,18,Poland
2023-04-01,13,28,16,20,15,Poland
2023-05-01,14,32,19,20,14,Poland
2023-06-01,23,31,17,20,12,Poland
2023-07-01,21,53,20,19,9,Poland
2023-08-01,25,47,22,21,9,Poland
2023-09-01,17,44,17,23,17,Poland
2023-10-01,14,52,15,22,19,Poland
2023-11-01,15,46,15,27,21,Poland
2023-12-01,16,38,11,27,18,Poland
2024-01-01,15,53,15,22,20,Poland
2024-02-01,15,62,19,21,22,Poland
2024-03-01,15,51,15,21,18,Poland
2024-04-01,14,32,17,19,16,Poland
2024-05-01,18,28,22,20,15,Poland
2024-06-01,23,33,19,18,12,Poland
2024-07-01,22,40,24,17,8,Poland
2024-08-01,24,40,25,19,10,Poland
2024-09-01,16,34,18,22,18,Poland
2024-10-01,15,39,17,21,20,Poland
2024-11-01,18,51,17,24,20,Poland
2024-12-01,21,39,13,27,18,Poland
2025-01-01,17,43,18,23,21,Poland
2025-02-01,21,46,19,21,20,Poland
2025-03-01,19,32,17,19,18,Poland
2025-04-01,14,28,15,18,13,Poland
2025-05-01,16,25,22,18,13,Poland
2004-01-01,4,46,19,24,15,Sweden
2004-02-01,5,41,22,20,18,Sweden
2004-03-01,7,31,22,21,16,Sweden
2004-04-01,4,28,23,20,13,Sweden
2004-05-01,7,26,22,21,11,Sweden
2004-06-01,5,26,21,18,10,Sweden
2004-07-01,7,31,24,17,11,Sweden
2004-08-01,5,29,20,21,13,Sweden
2004-09-01,5,31,20,25,17,Sweden
2004-10-01,7,35,20,23,18,Sweden
2004-11-01,7,35,21,25,18,Sweden
2004-12-01,5,32,15,28,13,Sweden
2005-01-01,6,42,19,21,14,Sweden
2005-02-01,6,39,19,23,13,Sweden
2005-03-01,6,33,20,20,15,Sweden
2005-04-01,6,26,18,20,14,Sweden
2005-05-01,6,32,18,23,11,Sweden
2005-06-01,6,27,19,21,9,Sweden
2005-07-01,6,28,20,19,10,Sweden
2005-08-01,7,29,18,22,11,Sweden
2005-09-01,6,34,18,25,15,Sweden
2005-10-01,5,35,19,22,16,Sweden
2005-11-01,6,43,17,25,17,Sweden
2005-12-01,6,56,13,29,15,Sweden
2006-01-01,5,60,15,22,13,Sweden
2006-02-01,4,54,17,23,14,Sweden
2006-03-01,5,42,17,23,14,Sweden
2006-04-01,5,42,16,19,13,Sweden
2006-05-01,4,32,17,22,11,Sweden
2006-06-01,5,29,15,18,9,Sweden
2006-07-01,5,45,18,17,9,Sweden
2006-08-01,5,39,15,22,10,Sweden
2006-09-01,4,40,14,24,13,Sweden
2006-10-01,5,40,17,22,17,Sweden
2006-11-01,6,48,16,22,15,Sweden
2006-12-01,5,47,12,27,13,Sweden
2007-01-01,5,49,17,21,12,Sweden
2007-02-01,5,44,19,21,13,Sweden
2007-03-01,6,35,15,21,13,Sweden
2007-04-01,5,33,17,18,11,Sweden
2007-05-01,5,35,15,21,10,Sweden
2007-06-01,6,30,16,18,9,Sweden
2007-07-01,6,50,21,19,9,Sweden
2007-08-01,6,34,15,21,10,Sweden
2007-09-01,6,34,14,26,14,Sweden
2007-10-01,6,36,15,23,14,Sweden
2007-11-01,7,31,14,24,13,Sweden
2007-12-01,7,39,12,27,11,Sweden
2008-01-01,5,42,14,23,12,Sweden
2008-02-01,6,38,15,23,12,Sweden
2008-03-01,6,35,15,21,11,Sweden
2008-04-01,5,26,14,20,11,Sweden
2008-05-01,5,25,14,20,9,Sweden
2008-06-01,5,30,14,18,7,Sweden
2008-07-01,6,47,18,18,8,Sweden
2008-08-01,6,48,15,22,10,Sweden
2008-09-01,5,37,14,27,12,Sweden
2008-10-01,6,45,14,26,14,Sweden
2008-11-01,6,37,13,28,13,Sweden
2008-12-01,7,38,12,32,10,Sweden
2009-01-01,6,55,15,25,12,Sweden
2009-02-01,6,47,15,25,12,Sweden
2009-03-01,7,45,15,23,12,Sweden
2009-04-01,5,32,14,22,10,Sweden
2009-05-01,5,30,15,22,8,Sweden
2009-06-01,6,32,17,21,8,Sweden
2009-07-01,7,61,20,20,9,Sweden
2009-08-01,6,39,16,22,11,Sweden
2009-09-01,6,50,13,26,12,Sweden
2009-10-01,6,57,16,23,13,Sweden
2009-11-01,7,58,14,23,13,Sweden
2009-12-01,7,61,12,28,11,Sweden
2010-01-01,5,75,16,24,11,Sweden
2010-02-01,6,56,15,24,11,Sweden
2010-03-01,6,42,16,22,11,Sweden
2010-04-01,5,30,15,20,8,Sweden
2010-05-01,6,29,16,23,9,Sweden
2010-06-01,7,30,15,20,7,Sweden
2010-07-01,7,40,20,19,9,Sweden
2010-08-01,7,40,17,21,9,Sweden
2010-09-01,5,35,14,24,11,Sweden
2010-10-01,6,43,15,23,13,Sweden
2010-11-01,7,48,14,24,10,Sweden
2010-12-01,7,46,10,34,9,Sweden
2011-01-01,5,60,15,24,12,Sweden
2011-02-01,5,55,17,23,11,Sweden
2011-03-01,6,43,14,22,11,Sweden
2011-04-01,5,36,14,21,8,Sweden
2011-05-01,6,35,14,23,8,Sweden
2011-06-01,6,34,15,19,6,Sweden
2011-07-01,7,53,18,19,9,Sweden
2011-08-01,7,44,16,23,9,Sweden
2011-09-01,5,45,13,27,11,Sweden
2011-10-01,6,50,14,25,12,Sweden
2011-11-01,7,51,13,32,11,Sweden
2011-12-01,7,48,11,34,10,Sweden
2012-01-01,5,61,14,28,10,Sweden
2012-02-01,5,48,14,26,10,Sweden
2012-03-01,5,38,14,23,9,Sweden
2012-04-01,6,43,15,20,8,Sweden
2012-05-01,5,28,14,24,7,Sweden
2012-06-01,6,34,15,19,6,Sweden
2012-07-01,10,47,20,19,8,Sweden
2012-08-01,7,39,15,24,8,Sweden
2012-09-01,5,44,14,31,10,Sweden
2012-10-01,5,55,14,28,11,Sweden
2012-11-01,8,53,13,29,10,Sweden
2012-12-01,7,60,11,34,9,Sweden
2013-01-01,5,57,12,27,9,Sweden
2013-02-01,5,51,13,26,10,Sweden
2013-03-01,5,41,14,23,9,Sweden
2013-04-01,8,33,14,25,9,Sweden
2013-05-01,7,30,21,25,8,Sweden
2013-06-01,6,34,18,23,7,Sweden
2013-07-01,9,42,23,22,9,Sweden
2013-08-01,7,44,17,26,9,Sweden
2013-09-01,6,43,15,30,10,Sweden
2013-10-01,7,47,18,28,11,Sweden
2013-11-01,7,46,15,32,10,Sweden
2013-12-01,7,69,12,36,9,Sweden
2014-01-01,5,66,15,29,10,Sweden
2014-02-01,6,53,17,29,9,Sweden
2014-03-01,6,37,16,27,10,Sweden
2014-04-01,5,33,16,26,8,Sweden
2014-05-01,7,30,15,27,7,Sweden
2014-06-01,7,31,17,24,7,Sweden
2014-07-01,8,38,22,24,8,Sweden
2014-08-01,7,42,19,28,8,Sweden
2014-09-01,5,40,14,31,10,Sweden
2014-10-01,6,54,18,29,11,Sweden
2014-11-01,8,52,14,34,10,Sweden
2014-12-01,7,65,11,36,9,Sweden
2015-01-01,5,70,15,30,9,Sweden
2015-02-01,5,68,18,30,10,Sweden
2015-03-01,6,42,16,29,9,Sweden
2015-04-01,5,43,18,27,8,Sweden
2015-05-01,6,31,17,28,7,Sweden
2015-06-01,6,35,19,23,6,Sweden
2015-07-01,8,51,28,26,9,Sweden
2015-08-01,8,38,19,28,8,Sweden
2015-09-01,7,51,15,33,10,Sweden
2015-10-01,7,65,17,30,10,Sweden
2015-11-01,8,64,14,36,10,Sweden
2015-12-01,9,85,13,41,10,Sweden
2016-01-01,6,88,15,35,9,Sweden
2016-02-01,7,68,19,33,9,Sweden
2016-03-01,7,51,19,31,8,Sweden
2016-04-01,7,40,16,29,9,Sweden
2016-05-01,7,30,15,31,7,Sweden
2016-06-01,9,36,18,27,7,Sweden
2016-07-01,10,52,28,27,9,Sweden
2016-08-01,9,57,23,31,9,Sweden
2016-09-01,8,50,15,36,10,Sweden
2016-10-01,9,55,17,36,10,Sweden
2016-11-01,10,55,15,42,10,Sweden
2016-12-01,10,63,12,49,10,Sweden
2017-01-01,7,71,17,39,9,Sweden
2017-02-01,8,67,18,38,9,Sweden
2017-03-01,7,55,17,35,9,Sweden
2017-04-01,6,54,18,33,8,Sweden
2017-05-01,9,34,17,33,6,Sweden
2017-06-01,10,43,20,29,7,Sweden
2017-07-01,11,50,30,30,9,Sweden
2017-08-01,8,51,23,35,8,Sweden
2017-09-01,7,70,18,38,9,Sweden
2017-10-01,8,62,19,39,10,Sweden
2017-11-01,9,66,17,44,11,Sweden
2017-12-01,9,100,14,51,9,Sweden
2018-01-01,6,90,19,38,9,Sweden
2018-02-01,9,76,19,34,9,Sweden
2018-03-01,8,59,19,40,8,Sweden
2018-04-01,8,52,19,34,8,Sweden
2018-05-01,8,32,17,34,6,Sweden
2018-06-01,10,41,21,30,7,Sweden
2018-07-01,12,58,27,31,8,Sweden
2018-08-01,9,66,24,36,8,Sweden
2018-09-01,7,71,19,41,9,Sweden
2018-10-01,8,83,20,40,11,Sweden
2018-11-01,9,83,18,46,11,Sweden
2018-12-01,10,84,15,51,9,Sweden
2019-01-01,7,83,18,42,9,Sweden
2019-02-01,8,71,19,38,9,Sweden
2019-03-01,8,56,19,38,10,Sweden
2019-04-01,7,57,19,37,12,Sweden
2019-05-01,9,47,20,35,11,Sweden
2019-06-01,11,36,22,32,8,Sweden
2019-07-01,14,62,34,32,9,Sweden
2019-08-01,12,59,27,38,8,Sweden
2019-09-01,8,65,20,43,9,Sweden
2019-10-01,9,74,21,40,11,Sweden
2019-11-01,10,63,17,44,10,Sweden
2019-12-01,13,88,15,51,9,Sweden
2020-01-01,6,80,19,43,8,Sweden
2020-02-01,10,76,20,44,10,Sweden
2020-03-01,7,31,10,39,7,Sweden
2020-04-01,3,12,8,38,3,Sweden
2020-05-01,2,11,8,43,3,Sweden
2020-06-01,2,10,10,41,3,Sweden
2020-07-01,2,20,25,37,3,Sweden
2020-08-01,2,22,15,41,4,Sweden
2020-09-01,2,30,12,47,5,Sweden
2020-10-01,2,37,14,45,5,Sweden
2020-11-01,2,17,8,48,3,Sweden
2020-12-01,2,12,7,53,3,Sweden
2021-01-01,2,12,8,45,3,Sweden
2021-02-01,1,13,9,41,3,Sweden
2021-03-01,2,11,8,40,3,Sweden
2021-04-01,2,12,9,39,3,Sweden
2021-05-01,2,12,9,37,3,Sweden
2021-06-01,4,24,11,36,4,Sweden
2021-07-01,7,40,26,34,5,Sweden
2021-08-01,7,40,24,42,6,Sweden
2021-09-01,8,51,17,44,8,Sweden
2021-10-01,10,66,16,45,10,Sweden
2021-11-01,14,53,15,48,9,Sweden
2021-12-01,10,62,11,53,7,Sweden
2022-01-01,5,48,13,46,6,Sweden
2022-02-01,8,49,18,40,8,Sweden
2022-03-01,10,44,17,40,8,Sweden
2022-04-01,12,44,22,39,7,Sweden
2022-05-01,13,35,22,38,7,Sweden
2022-06-01,19,34,24,33,7,Sweden
2022-07-01,23,48,39,34,8,Sweden
2022-08-01,23,40,27,40,7,Sweden
2022-09-01,11,49,20,45,8,Sweden
2022-10-01,11,60,22,43,10,Sweden
2022-11-01,11,52,20,48,9,Sweden
2022-12-01,12,61,17,48,8,Sweden
2023-01-01,9,67,22,45,8,Sweden
2023-02-01,12,57,23,43,9,Sweden
2023-03-01,12,46,21,40,10,Sweden
2023-04-01,14,43,24,38,8,Sweden
2023-05-01,16,29,20,38,7,Sweden
2023-06-01,22,29,24,36,8,Sweden
2023-07-01,28,74,48,37,9,Sweden
2023-08-01,18,57,32,41,7,Sweden
2023-09-01,14,48,22,45,8,Sweden
2023-10-01,12,56,24,48,10,Sweden
2023-11-01,12,50,20,54,10,Sweden
2023-12-01,15,58,17,51,9,Sweden
2024-01-01,12,58,20,44,8,Sweden
2024-02-01,11,53,23,43,9,Sweden
2024-03-01,13,49,23,42,9,Sweden
2024-04-01,11,43,23,40,9,Sweden
2024-05-01,17,25,21,38,6,Sweden
2024-06-01,19,32,27,36,7,Sweden
2024-07-01,26,54,44,36,8,Sweden
2024-08-01,24,50,29,42,8,Sweden
2024-09-01,13,41,20,46,9,Sweden
2024-10-01,20,50,23,46,11,Sweden
2024-11-01,14,48,18,53,11,Sweden
2024-12-01,16,58,18,61,10,Sweden
2025-01-01,13,54,20,55,9,Sweden
2025-02-01,21,50,23,45,9,Sweden
2025-03-01,24,35,20,45,8,Sweden
2025-04-01,14,40,22,41,7,Sweden
2025-05-01,17,29,21,44,8,Sweden
2004-01-01,9,53,22,41,45,United Kingdom
2004-02-01,9,47,25,39,44,United Kingdom
2004-03-01,11,44,20,39,38,United Kingdom
2004-04-01,11,50,23,38,37,United Kingdom
2004-05-01,9,49,20,36,34,United Kingdom
2004-06-01,10,47,19,36,34,United Kingdom
2004-07-01,10,55,21,37,35,United Kingdom
2004-08-01,9,56,23,36,35,United Kingdom
2004-09-01,8,43,20,39,43,United Kingdom
2004-10-01,9,58,23,41,46,United Kingdom
2004-11-01,10,57,20,43,47,United Kingdom
2004-12-01,10,54,17,46,44,United Kingdom
2005-01-01,13,56,19,37,45,United Kingdom
2005-02-01,9,56,23,39,44,United Kingdom
2005-03-01,8,45,21,40,36,United Kingdom
2005-04-01,8,43,19,36,37,United Kingdom
2005-05-01,10,49,18,36,36,United Kingdom
2005-06-01,16,42,18,39,35,United Kingdom
2005-07-01,11,52,18,36,32,United Kingdom
2005-08-01,7,53,18,36,33,United Kingdom
2005-09-01,7,44,18,38,38,United Kingdom
2005-10-01,8,58,21,40,41,United Kingdom
2005-11-01,11,58,19,43,43,United Kingdom
2005-12-01,10,64,17,42,40,United Kingdom
2006-01-01,7,60,19,38,43,United Kingdom
2006-02-01,8,58,21,39,40,United Kingdom
2006-03-01,7,48,18,39,38,United Kingdom
2006-04-01,9,55,22,34,33,United Kingdom
2006-05-01,8,53,18,35,31,United Kingdom
2006-06-01,9,38,15,33,29,United Kingdom
2006-07-01,7,56,17,33,28,United Kingdom
2006-08-01,6,54,20,36,33,United Kingdom
2006-09-01,9,46,15,38,39,United Kingdom
2006-10-01,7,56,19,39,42,United Kingdom
2006-11-01,9,65,17,42,42,United Kingdom
2006-12-01,10,61,17,41,39,United Kingdom
2007-01-01,6,55,17,36,41,United Kingdom
2007-02-01,7,60,20,38,39,United Kingdom
2007-03-01,9,47,17,38,34,United Kingdom
2007-04-01,7,45,17,37,30,United Kingdom
2007-05-01,8,53,17,39,32,United Kingdom
2007-06-01,10,43,15,44,33,United Kingdom
2007-07-01,12,66,17,50,31,United Kingdom
2007-08-01,7,57,19,49,30,United Kingdom
2007-09-01,7,44,20,51,33,United Kingdom
2007-10-01,7,47,21,55,37,United Kingdom
2007-11-01,8,43,18,59,38,United Kingdom
2007-12-01,8,53,15,57,36,United Kingdom
2008-01-01,6,50,18,53,37,United Kingdom
2008-02-01,6,49,18,55,34,United Kingdom
2008-03-01,6,47,18,54,31,United Kingdom
2008-04-01,5,40,16,53,30,United Kingdom
2008-05-01,7,45,15,54,27,United Kingdom
2008-06-01,8,45,13,56,28,United Kingdom
2008-07-01,6,56,15,56,26,United Kingdom
2008-08-01,5,62,18,54,27,United Kingdom
2008-09-01,5,40,13,61,30,United Kingdom
2008-10-01,6,45,15,61,31,United Kingdom
2008-11-01,7,43,14,65,31,United Kingdom
2008-12-01,6,37,12,63,30,United Kingdom
2009-01-01,5,50,14,63,32,United Kingdom
2009-02-01,5,50,15,64,29,United Kingdom
2009-03-01,6,37,14,60,27,United Kingdom
2009-04-01,5,45,16,55,25,United Kingdom
2009-05-01,5,44,17,55,24,United Kingdom
2009-06-01,7,39,15,54,24,United Kingdom
2009-07-01,6,56,16,53,24,United Kingdom
2009-08-01,4,48,17,55,23,United Kingdom
2009-09-01,5,37,15,58,26,United Kingdom
2009-10-01,5,45,16,58,29,United Kingdom
2009-11-01,6,49,14,58,30,United Kingdom
2009-12-01,5,47,12,56,28,United Kingdom
2010-01-01,4,49,14,49,26,United Kingdom
2010-02-01,4,51,16,49,29,United Kingdom
2010-03-01,4,47,15,49,25,United Kingdom
2010-04-01,4,43,15,46,22,United Kingdom
2010-05-01,4,38,14,43,21,United Kingdom
2010-06-01,5,29,12,45,20,United Kingdom
2010-07-01,4,51,14,46,21,United Kingdom
2010-08-01,4,50,15,45,21,United Kingdom
2010-09-01,5,33,13,46,23,United Kingdom
2010-10-01,5,40,14,47,25,United Kingdom
2010-11-01,4,37,12,48,24,United Kingdom
2010-12-01,5,33,10,48,23,United Kingdom
2011-01-01,5,53,15,53,30,United Kingdom
2011-02-01,5,61,18,53,29,United Kingdom
2011-03-01,5,37,14,52,26,United Kingdom
2011-04-01,4,41,14,45,22,United Kingdom
2011-05-01,5,42,14,44,21,United Kingdom
2011-06-01,6,42,15,44,24,United Kingdom
2011-07-01,5,54,17,44,24,United Kingdom
2011-08-01,4,64,17,42,23,United Kingdom
2011-09-01,5,44,15,48,26,United Kingdom
2011-10-01,6,49,17,45,30,United Kingdom
2011-11-01,6,43,14,49,30,United Kingdom
2011-12-01,5,42,12,47,29,United Kingdom
2012-01-01,4,43,15,45,27,United Kingdom
2012-02-01,7,51,16,44,27,United Kingdom
2012-03-01,5,38,15,43,26,United Kingdom
2012-04-01,5,52,18,43,24,United Kingdom
2012-05-01,5,39,14,43,21,United Kingdom
2012-06-01,12,40,16,43,22,United Kingdom
2012-07-01,6,46,15,42,22,United Kingdom
2012-08-01,4,47,17,41,22,United Kingdom
2012-09-01,5,37,14,44,26,United Kingdom
2012-10-01,5,50,15,49,26,United Kingdom
2012-11-01,6,49,13,47,27,United Kingdom
2012-12-01,5,43,12,49,27,United Kingdom
2013-01-01,4,52,13,44,26,United Kingdom
2013-02-01,5,49,16,45,27,United Kingdom
2013-03-01,5,38,17,49,25,United Kingdom
2013-04-01,5,37,16,41,23,United Kingdom
2013-05-01,5,43,15,41,22,United Kingdom
2013-06-01,6,40,15,40,20,United Kingdom
2013-07-01,5,39,16,39,20,United Kingdom
2013-08-01,4,51,19,40,22,United Kingdom
2013-09-01,4,35,15,43,25,United Kingdom
2013-10-01,5,38,17,46,26,United Kingdom
2013-11-01,5,37,14,50,28,United Kingdom
2013-12-01,5,39,12,52,30,United Kingdom
2014-01-01,4,40,17,46,27,United Kingdom
2014-02-01,4,43,18,47,27,United Kingdom
2014-03-01,4,30,15,51,23,United Kingdom
2014-04-01,4,34,17,41,22,United Kingdom
2014-05-01,5,34,17,42,22,United Kingdom
2014-06-01,5,33,14,42,21,United Kingdom
2014-07-01,4,38,16,42,22,United Kingdom
2014-08-01,3,47,19,42,22,United Kingdom
2014-09-01,4,28,15,47,24,United Kingdom
2014-10-01,4,39,17,48,26,United Kingdom
2014-11-01,5,39,15,51,27,United Kingdom
2014-12-01,5,43,14,51,26,United Kingdom
2015-01-01,4,43,16,47,26,United Kingdom
2015-02-01,4,48,17,53,25,United Kingdom
2015-03-01,4,34,16,52,23,United Kingdom
2015-04-01,4,40,17,42,23,United Kingdom
2015-05-01,4,40,16,41,21,United Kingdom
2015-06-01,5,41,15,46,21,United Kingdom
2015-07-01,4,46,17,44,22,United Kingdom
2015-08-01,4,49,19,45,20,United Kingdom
2015-09-01,4,35,14,48,23,United Kingdom
2015-10-01,4,51,17,49,26,United Kingdom
2015-11-01,6,45,14,54,28,United Kingdom
2015-12-01,6,49,13,56,28,United Kingdom
2016-01-01,4,44,15,46,24,United Kingdom
2016-02-01,4,46,17,58,26,United Kingdom
2016-03-01,5,42,16,51,23,United Kingdom
2016-04-01,4,42,15,54,23,United Kingdom
2016-05-01,4,36,14,50,20,United Kingdom
2016-06-01,5,36,13,45,20,United Kingdom
2016-07-01,4,46,16,45,21,United Kingdom
2016-08-01,3,52,17,48,20,United Kingdom
2016-09-01,4,44,13,49,23,United Kingdom
2016-10-01,5,47,16,52,25,United Kingdom
2016-11-01,5,38,13,55,25,United Kingdom
2016-12-01,5,42,12,57,26,United Kingdom
2017-01-01,4,48,14,49,26,United Kingdom
2017-02-01,5,53,17,57,24,United Kingdom
2017-03-01,4,46,14,53,23,United Kingdom
2017-04-01,4,46,17,43,20,United Kingdom
2017-05-01,7,33,15,45,20,United Kingdom
2017-06-01,12,33,14,44,20,United Kingdom
2017-07-01,5,49,18,44,19,United Kingdom
2017-08-01,3,47,20,43,20,United Kingdom
2017-09-01,4,40,14,48,22,United Kingdom
2017-10-01,5,40,17,51,26,United Kingdom
2017-11-01,5,41,14,54,26,United Kingdom
2017-12-01,5,48,13,55,27,United Kingdom
2018-01-01,4,48,16,51,26,United Kingdom
2018-02-01,4,55,19,59,24,United Kingdom
2018-03-01,4,43,17,49,24,United Kingdom
2018-04-01,4,47,17,44,22,United Kingdom
2018-05-01,5,35,15,44,19,United Kingdom
2018-06-01,6,33,13,44,21,United Kingdom
2018-07-01,4,46,17,42,19,United Kingdom
2018-08-01,4,52,20,44,20,United Kingdom
2018-09-01,4,35,17,50,25,United Kingdom
2018-10-01,5,48,17,46,24,United Kingdom
2018-11-01,6,44,15,53,27,United Kingdom
2018-12-01,5,44,13,57,26,United Kingdom
2019-01-01,4,41,15,52,25,United Kingdom
2019-02-01,4,41,18,59,24,United Kingdom
2019-03-01,5,36,16,57,24,United Kingdom
2019-04-01,4,48,18,45,21,United Kingdom
2019-05-01,5,44,16,44,21,United Kingdom
2019-06-01,7,42,15,45,21,United Kingdom
2019-07-01,4,47,17,44,20,United Kingdom
2019-08-01,4,47,21,45,21,United Kingdom
2019-09-01,4,40,15,50,25,United Kingdom
2019-10-01,5,49,17,50,26,United Kingdom
2019-11-01,6,43,15,56,26,United Kingdom
2019-12-01,5,44,13,54,27,United Kingdom
2020-01-01,4,47,14,50,23,United Kingdom
2020-02-01,5,49,18,55,24,United Kingdom
2020-03-01,4,18,9,53,16,United Kingdom
2020-04-01,5,5,5,46,9,United Kingdom
2020-05-01,3,5,5,50,7,United Kingdom
2020-06-01,2,7,6,48,6,United Kingdom
2020-07-01,2,12,9,49,6,United Kingdom
2020-08-01,2,16,12,52,5,United Kingdom
2020-09-01,2,15,10,61,6,United Kingdom
2020-10-01,2,16,11,57,6,United Kingdom
2020-11-01,2,6,6,58,6,United Kingdom
2020-12-01,3,9,6,60,7,United Kingdom
2021-01-01,2,3,5,57,5,United Kingdom
2021-02-01,2,3,5,59,5,United Kingdom
2021-03-01,2,4,5,65,6,United Kingdom
2021-04-01,2,5,7,60,6,United Kingdom
2021-05-01,2,21,11,67,9,United Kingdom
2021-06-01,2,26,13,68,9,United Kingdom
2021-07-01,2,27,15,60,12,United Kingdom
2021-08-01,4,33,20,59,18,United Kingdom
2021-09-01,5,27,13,64,20,United Kingdom
2021-10-01,5,46,16,67,23,United Kingdom
2021-11-01,7,29,13,83,23,United Kingdom
2021-12-01,5,34,12,100,22,United Kingdom
2022-01-01,4,31,14,71,22,United Kingdom
2022-02-01,5,35,18,74,25,United Kingdom
2022-03-01,7,25,15,65,22,United Kingdom
2022-04-01,5,28,18,56,21,United Kingdom
2022-05-01,7,29,15,51,20,United Kingdom
2022-06-01,16,32,15,53,20,United Kingdom
2022-07-01,6,34,16,52,19,United Kingdom
2022-08-01,8,29,19,53,20,United Kingdom
2022-09-01,7,26,15,58,22,United Kingdom
2022-10-01,6,31,17,58,25,United Kingdom
2022-11-01,6,26,14,58,24,United Kingdom
2022-12-01,6,28,13,56,25,United Kingdom
2023-01-01,5,30,16,61,24,United Kingdom
2023-02-01,6,29,19,62,26,United Kingdom
2023-03-01,6,27,17,58,24,United Kingdom
2023-04-01,7,28,19,50,22,United Kingdom
2023-05-01,16,25,16,54,19,United Kingdom
2023-06-01,11,23,15,48,18,United Kingdom
2023-07-01,7,45,19,52,21,United Kingdom
2023-08-01,6,39,23,53,20,United Kingdom
2023-09-01,6,24,16,57,21,United Kingdom
2023-10-01,6,28,18,56,23,United Kingdom
2023-11-01,7,25,15,65,25,United Kingdom
2023-12-01,7,30,14,61,26,United Kingdom
2024-01-01,5,28,17,60,24,United Kingdom
2024-02-01,7,31,21,65,26,United Kingdom
2024-03-01,6,27,19,70,23,United Kingdom
2024-04-01,6,25,20,57,21,United Kingdom
2024-05-01,7,23,18,54,21,United Kingdom
2024-06-01,10,23,17,52,20,United Kingdom
2024-07-01,7,30,20,56,20,United Kingdom
2024-08-01,8,35,22,55,19,United Kingdom
2024-09-01,7,24,18,61,23,United Kingdom
2024-10-01,6,24,18,61,24,United Kingdom
2024-11-01,7,32,14,65,23,United Kingdom
2024-12-01,7,31,15,66,25,United Kingdom
2025-01-01,5,26,16,64,22,United Kingdom
2025-02-01,7,29,18,69,23,United Kingdom
2025-03-01,6,20,15,69,20,United Kingdom
2025-04-01,6,25,18,59,19,United Kingdom
2025-05-01,7,20,15,58,18,United Kingdom
